archivo,funcion,tipo_cambio,linea_inicio,descripcion_corta,viabilidad,razon
core/efuse/rtw_efuse.c,unknown,LOGICA,1,generic (4 líneas),VIABLE,Archivo core - lógica del driver portable
core/efuse/rtw_efuse.c,unknown,LOGICA,11,generic (7 líneas),VIABLE,Archivo core - lógica del driver portable
core/efuse/rtw_efuse.c,unknown,LOGICA,25,HAL_ (2095 líneas),VIABLE,Archivo core - lógica del driver portable
core/efuse/rtw_efuse.c,unknown,LOGICA,111,HAL_ (24 líneas),VIABLE,Archivo core - lógica del driver portable
core/efuse/rtw_efuse.c,unknown,LOGICA,146,HAL_ (488 líneas),VIABLE,Archivo core - lógica del driver portable
core/efuse/rtw_efuse.c,unknown,LOGICA,570,HAL_ (104 líneas),VIABLE,Archivo core - lógica del driver portable
core/efuse/rtw_efuse.c,unknown,LOGICA,688,generic (8 líneas),VIABLE,Archivo core - lógica del driver portable
core/efuse/rtw_efuse.c,unknown,LOGICA,703,generic (4 líneas),VIABLE,Archivo core - lógica del driver portable
core/efuse/rtw_efuse.c,unknown,LOGICA,713,generic (11 líneas),VIABLE,Archivo core - lógica del driver portable
core/efuse/rtw_efuse.c,unknown,LOGICA,738,generic (4 líneas),VIABLE,Archivo core - lógica del driver portable
core/efuse/rtw_efuse.c,unknown,LOGICA,759,generic (4 líneas),VIABLE,Archivo core - lógica del driver portable
core/efuse/rtw_efuse.c,unknown,LOGICA,777,generic (4 líneas),VIABLE,Archivo core - lógica del driver portable
core/efuse/rtw_efuse.c,unknown,LOGICA,793,HAL_ (317 líneas),VIABLE,Archivo core - lógica del driver portable
core/efuse/rtw_efuse.c,unknown,LOGICA,1063,generic (102 líneas),VIABLE,Archivo core - lógica del driver portable
core/efuse/rtw_efuse.c,unknown,LOGICA,1200,generic (38 líneas),VIABLE,Archivo core - lógica del driver portable
core/efuse/rtw_efuse.c,unknown,LOGICA,1242,HAL_ (71 líneas),VIABLE,Archivo core - lógica del driver portable
core/efuse/rtw_efuse.c,unknown,LOGICA,1303,HAL_ (79 líneas),VIABLE,Archivo core - lógica del driver portable
core/efuse/rtw_efuse.c,unknown,LOGICA,1370,HAL_ (102 líneas),VIABLE,Archivo core - lógica del driver portable
core/efuse/rtw_efuse.c,unknown,LOGICA,1419,generic (40 líneas),VIABLE,Archivo core - lógica del driver portable
core/efuse/rtw_efuse.c,unknown,LOGICA,1451,HAL_ (121 líneas),VIABLE,Archivo core - lógica del driver portable
core/efuse/rtw_efuse.c,unknown,LOGICA,1549,generic (308 líneas),VIABLE,Archivo core - lógica del driver portable
core/efuse/rtw_efuse.c,unknown,LOGICA,1739,generic (1 líneas),VIABLE,Archivo core - lógica del driver portable
core/rtw_ap.c,unknown,LOGICA,1,"hw:resume,compat:cfg80211 (10167 líneas)",VIABLE,Archivo core - lógica del driver portable
core/rtw_beamforming.c,unknown,LOGICA,1,"hw:suspend,compat:ieee80211 (3365 líneas)",VIABLE,Archivo core - lógica del driver portable
core/rtw_br_ext.c,unknown,LOGICA,1,generic (4 líneas),VIABLE,Archivo core - lógica del driver portable
core/rtw_br_ext.c,unknown,LOGICA,11,rtl (70 líneas),VIABLE,Archivo core - lógica del driver portable
core/rtw_br_ext.c,unknown,LOGICA,71,generic (2 líneas),VIABLE,Archivo core - lógica del driver portable
core/rtw_br_ext.c,unknown,LOGICA,85,generic (8 líneas),VIABLE,Archivo core - lógica del driver portable
core/rtw_br_ext.c,unknown,LOGICA,116,generic (2 líneas),VIABLE,Archivo core - lógica del driver portable
core/rtw_br_ext.c,unknown,LOGICA,128,generic (10 líneas),VIABLE,Archivo core - lógica del driver portable
core/rtw_br_ext.c,unknown,LOGICA,148,generic (6 líneas),VIABLE,Archivo core - lógica del driver portable
core/rtw_br_ext.c,unknown,LOGICA,165,generic (44 líneas),VIABLE,Archivo core - lógica del driver portable
core/rtw_br_ext.c,unknown,LOGICA,246,generic (122 líneas),VIABLE,Archivo core - lógica del driver portable
core/rtw_br_ext.c,unknown,LOGICA,366,generic (18 líneas),VIABLE,Archivo core - lógica del driver portable
core/rtw_br_ext.c,unknown,LOGICA,392,generic (123 líneas),VIABLE,Archivo core - lógica del driver portable
core/rtw_br_ext.c,unknown,LOGICA,502,generic (2 líneas),VIABLE,Archivo core - lógica del driver portable
core/rtw_br_ext.c,unknown,LOGICA,511,generic (6 líneas),VIABLE,Archivo core - lógica del driver portable
core/rtw_br_ext.c,unknown,LOGICA,525,generic (2 líneas),VIABLE,Archivo core - lógica del driver portable
core/rtw_br_ext.c,unknown,LOGICA,552,generic (102 líneas),VIABLE,Archivo core - lógica del driver portable
core/rtw_br_ext.c,unknown,LOGICA,635,generic (8 líneas),VIABLE,Archivo core - lógica del driver portable
core/rtw_br_ext.c,unknown,LOGICA,660,generic (102 líneas),VIABLE,Archivo core - lógica del driver portable
core/rtw_br_ext.c,unknown,LOGICA,771,generic (4 líneas),VIABLE,Archivo core - lógica del driver portable
core/rtw_br_ext.c,unknown,LOGICA,782,rtl (981 líneas),VIABLE,Archivo core - lógica del driver portable
core/rtw_br_ext.c,unknown,LOGICA,1527,generic (36 líneas),VIABLE,Archivo core - lógica del driver portable
core/rtw_br_ext.c,unknown,LOGICA,1572,rtl (19 líneas),VIABLE,Archivo core - lógica del driver portable
core/rtw_br_ext.c,unknown,LOGICA,1596,generic (2 líneas),VIABLE,Archivo core - lógica del driver portable
core/rtw_br_ext.c,unknown,LOGICA,1622,generic (34 líneas),VIABLE,Archivo core - lógica del driver portable
core/rtw_br_ext.c,unknown,LOGICA,1668,generic (20 líneas),VIABLE,Archivo core - lógica del driver portable
core/rtw_bt_mp.c,unknown,LOGICA,1,HAL_ (3328 líneas),VIABLE,Archivo core - lógica del driver portable
core/rtw_btcoex.c,unknown,LOGICA,1,generic (2 líneas),VIABLE,Archivo core - lógica del driver portable
core/rtw_btcoex.c,unknown,LOGICA,11,HAL_ (13 líneas),VIABLE,Archivo core - lógica del driver portable
core/rtw_btcoex.c,unknown,LOGICA,34,HAL_ (10 líneas),VIABLE,Archivo core - lógica del driver portable
core/rtw_btcoex.c,unknown,LOGICA,71,HAL_ (24 líneas),VIABLE,Archivo core - lógica del driver portable
core/rtw_btcoex.c,unknown,LOGICA,104,HAL_ (17 líneas),VIABLE,Archivo core - lógica del driver portable
core/rtw_btcoex.c,unknown,LOGICA,133,HAL_ (21 líneas),VIABLE,Archivo core - lógica del driver portable
core/rtw_btcoex.c,unknown,LOGICA,220,HAL_ (40 líneas),VIABLE,Archivo core - lógica del driver portable
core/rtw_btcoex.c,unknown,LOGICA,278,HAL_ (7 líneas),VIABLE,Archivo core - lógica del driver portable
core/rtw_btcoex.c,unknown,LOGICA,318,HAL_ (9 líneas),VIABLE,Archivo core - lógica del driver portable
core/rtw_btcoex.c,unknown,LOGICA,352,HAL_ (26 líneas),VIABLE,Archivo core - lógica del driver portable
core/rtw_btcoex.c,unknown,LOGICA,412,HAL_ (30 líneas),VIABLE,Archivo core - lógica del driver portable
core/rtw_btcoex.c,unknown,LOGICA,453,ps_ (8 líneas),VIABLE,Archivo core - lógica del driver portable
core/rtw_btcoex.c,unknown,LOGICA,478,HAL_ (74 líneas),VIABLE,Archivo core - lógica del driver portable
core/rtw_btcoex.c,unknown,LOGICA,493,generic (10 líneas),VIABLE,Archivo core - lógica del driver portable
core/rtw_btcoex.c,unknown,LOGICA,521,generic (2 líneas),VIABLE,Archivo core - lógica del driver portable
core/rtw_btcoex.c,unknown,LOGICA,529,generic (26 líneas),VIABLE,Archivo core - lógica del driver portable
core/rtw_btcoex.c,unknown,LOGICA,573,generic (4 líneas),VIABLE,Archivo core - lógica del driver portable
core/rtw_btcoex.c,unknown,LOGICA,583,rtl (282 líneas),VIABLE,Archivo core - lógica del driver portable
core/rtw_btcoex.c,unknown,LOGICA,942,generic (89 líneas),VIABLE,Archivo core - lógica del driver portable
core/rtw_btcoex.c,unknown,LOGICA,1016,generic (34 líneas),VIABLE,Archivo core - lógica del driver portable
core/rtw_btcoex.c,unknown,LOGICA,1085,generic (16 líneas),VIABLE,Archivo core - lógica del driver portable
core/rtw_btcoex.c,unknown,LOGICA,1119,rf_ (158 líneas),VIABLE,Archivo core - lógica del driver portable
core/rtw_btcoex.c,unknown,LOGICA,1250,generic (24 líneas),VIABLE,Archivo core - lógica del driver portable
core/rtw_btcoex.c,unknown,LOGICA,1292,generic (6 líneas),VIABLE,Archivo core - lógica del driver portable
core/rtw_btcoex.c,unknown,LOGICA,1304,recv (80 líneas),VIABLE,Archivo core - lógica del driver portable
core/rtw_btcoex.c,unknown,LOGICA,1428,xmit (26 líneas),VIABLE,Archivo core - lógica del driver portable
core/rtw_btcoex.c,unknown,LOGICA,1462,generic (8 líneas),VIABLE,Archivo core - lógica del driver portable
core/rtw_btcoex.c,unknown,LOGICA,1473,generic (4 líneas),VIABLE,Archivo core - lógica del driver portable
core/rtw_btcoex.c,unknown,LOGICA,1483,recv (50 líneas),VIABLE,Archivo core - lógica del driver portable
core/rtw_btcoex.c,unknown,LOGICA,1539,recv (30 líneas),VIABLE,Archivo core - lógica del driver portable
core/rtw_btcoex.c,unknown,LOGICA,1580,generic (6 líneas),VIABLE,Archivo core - lógica del driver portable
core/rtw_btcoex.c,unknown,LOGICA,1603,generic (34 líneas),VIABLE,Archivo core - lógica del driver portable
core/rtw_btcoex.c,unknown,LOGICA,1644,generic (2 líneas),VIABLE,Archivo core - lógica del driver portable
core/rtw_btcoex.c,unknown,LOGICA,1658,generic (21 líneas),VIABLE,Archivo core - lógica del driver portable
core/rtw_btcoex.c,unknown,LOGICA,1687,generic (6 líneas),VIABLE,Archivo core - lógica del driver portable
core/rtw_btcoex.c,unknown,LOGICA,1706,HAL_ (62 líneas),VIABLE,Archivo core - lógica del driver portable
core/rtw_cmd.c,unknown,LOGICA,1,generic (4 líneas),VIABLE,Archivo core - lógica del driver portable
core/rtw_cmd.c,unknown,LOGICA,11,generic (7 líneas),VIABLE,Archivo core - lógica del driver portable
core/rtw_cmd.c,unknown,LOGICA,31,HAL_ (167 líneas),VIABLE,Archivo core - lógica del driver portable
core/rtw_cmd.c,unknown,LOGICA,165,rtl (23 líneas),VIABLE,Archivo core - lógica del driver portable
core/rtw_cmd.c,unknown,LOGICA,222,generic (73 líneas),VIABLE,Archivo core - lógica del driver portable
core/rtw_cmd.c,unknown,LOGICA,287,generic (77 líneas),VIABLE,Archivo core - lógica del driver portable
core/rtw_cmd.c,unknown,LOGICA,350,rtl (73 líneas),VIABLE,Archivo core - lógica del driver portable
core/rtw_cmd.c,unknown,LOGICA,440,generic (20 líneas),VIABLE,Archivo core - lógica del driver portable
core/rtw_cmd.c,unknown,LOGICA,474,generic (9 líneas),VIABLE,Archivo core - lógica del driver portable
core/rtw_cmd.c,unknown,LOGICA,487,generic (42 líneas),VIABLE,Archivo core - lógica del driver portable
core/rtw_cmd.c,unknown,LOGICA,546,rtl (28 líneas),VIABLE,Archivo core - lógica del driver portable
core/rtw_cmd.c,unknown,LOGICA,597,ps_ (14 líneas),VIABLE,Archivo core - lógica del driver portable
core/rtw_cmd.c,unknown,LOGICA,617,ps_ (32 líneas),VIABLE,Archivo core - lógica del driver portable
core/rtw_cmd.c,unknown,LOGICA,683,generic (3 líneas),VIABLE,Archivo core - lógica del driver portable
core/rtw_cmd.c,unknown,LOGICA,694,rtl (28 líneas),VIABLE,Archivo core - lógica del driver portable
core/rtw_cmd.c,unknown,LOGICA,730,generic (2 líneas),VIABLE,Archivo core - lógica del driver portable
core/rtw_cmd.c,unknown,LOGICA,740,generic (28 líneas),VIABLE,Archivo core - lógica del driver portable
core/rtw_cmd.c,unknown,LOGICA,767,suspend (80 líneas),VIABLE,Archivo core - lógica del driver portable
core/rtw_cmd.c,unknown,LOGICA,882,"hw:ps_,compat:ieee80211 (421 líneas)",VIABLE,Archivo core - lógica del driver portable
core/rtw_cmd.c,unknown,LOGICA,1331,generic (2 líneas),VIABLE,Archivo core - lógica del driver portable
core/rtw_cmd.c,unknown,LOGICA,1350,generic (2 líneas),VIABLE,Archivo core - lógica del driver portable
core/rtw_cmd.c,unknown,LOGICA,1376,generic (3 líneas),VIABLE,Archivo core - lógica del driver portable
core/rtw_cmd.c,unknown,LOGICA,1384,_PHY_ (208 líneas),VIABLE,Archivo core - lógica del driver portable
core/rtw_cmd.c,unknown,LOGICA,1558,HAL_ (58 líneas),VIABLE,Archivo core - lógica del driver portable
core/rtw_cmd.c,unknown,LOGICA,1613,rtl (11 líneas),VIABLE,Archivo core - lógica del driver portable
core/rtw_cmd.c,unknown,LOGICA,1638,xmit (462 líneas),VIABLE,Archivo core - lógica del driver portable
core/rtw_cmd.c,unknown,LOGICA,2004,generic (1 líneas),VIABLE,Archivo core - lógica del driver portable
core/rtw_cmd.c,unknown,LOGICA,2064,generic (121 líneas),VIABLE,Archivo core - lógica del driver portable
core/rtw_cmd.c,unknown,LOGICA,2153,HAL_ (108 líneas),VIABLE,Archivo core - lógica del driver portable
core/rtw_cmd.c,unknown,LOGICA,2272,generic (2 líneas),VIABLE,Archivo core - lógica del driver portable
core/rtw_cmd.c,unknown,LOGICA,2287,generic (24 líneas),VIABLE,Archivo core - lógica del driver portable
core/rtw_cmd.c,unknown,LOGICA,2307,rtl (104 líneas),VIABLE,Archivo core - lógica del driver portable
core/rtw_cmd.c,unknown,LOGICA,2433,generic (8 líneas),VIABLE,Archivo core - lógica del driver portable
core/rtw_cmd.c,unknown,LOGICA,2472,generic (2 líneas),VIABLE,Archivo core - lógica del driver portable
core/rtw_cmd.c,unknown,LOGICA,2480,ps_ (607 líneas),VIABLE,Archivo core - lógica del driver portable
core/rtw_cmd.c,unknown,LOGICA,2541,generic (7 líneas),VIABLE,Archivo core - lógica del driver portable
core/rtw_cmd.c,unknown,LOGICA,2557,generic (21 líneas),VIABLE,Archivo core - lógica del driver portable
core/rtw_cmd.c,unknown,LOGICA,2580,generic (7 líneas),VIABLE,Archivo core - lógica del driver portable
core/rtw_cmd.c,unknown,LOGICA,2597,suspend (22 líneas),VIABLE,Archivo core - lógica del driver portable
core/rtw_cmd.c,unknown,LOGICA,2620,ps_ (146 líneas),VIABLE,Archivo core - lógica del driver portable
core/rtw_cmd.c,unknown,LOGICA,2763,"hw:ps_,compat:cfg80211 (418 líneas)",VIABLE,Archivo core - lógica del driver portable
core/rtw_cmd.c,unknown,LOGICA,2991,ps_ (10 líneas),VIABLE,Archivo core - lógica del driver portable
core/rtw_cmd.c,unknown,LOGICA,3017,ps_ (22 líneas),VIABLE,Archivo core - lógica del driver portable
core/rtw_cmd.c,unknown,LOGICA,3042,ps_ (28 líneas),VIABLE,Archivo core - lógica del driver portable
core/rtw_cmd.c,unknown,LOGICA,3073,HAL_ (25 líneas),VIABLE,Archivo core - lógica del driver portable
core/rtw_cmd.c,unknown,LOGICA,3116,generic (3 líneas),VIABLE,Archivo core - lógica del driver portable
core/rtw_cmd.c,unknown,LOGICA,3134,odm_ (7 líneas),VIABLE,Archivo core - lógica del driver portable
core/rtw_cmd.c,unknown,LOGICA,3154,generic (15 líneas),VIABLE,Archivo core - lógica del driver portable
core/rtw_cmd.c,unknown,LOGICA,3173,dm_ (32 líneas),VIABLE,Archivo core - lógica del driver portable
core/rtw_cmd.c,unknown,LOGICA,3222,"hw:ps_,compat:cfg80211 (210 líneas)",VIABLE,Archivo core - lógica del driver portable
core/rtw_cmd.c,unknown,LOGICA,3326,xmit (175 líneas),VIABLE,Archivo core - lógica del driver portable
core/rtw_cmd.c,unknown,LOGICA,3408,resume (143 líneas),VIABLE,Archivo core - lógica del driver portable
core/rtw_cmd.c,unknown,LOGICA,3527,ps_ (47 líneas),VIABLE,Archivo core - lógica del driver portable
core/rtw_cmd.c,unknown,LOGICA,3572,resume (31 líneas),VIABLE,Archivo core - lógica del driver portable
core/rtw_cmd.c,unknown,LOGICA,3602,odm_ (167 líneas),VIABLE,Archivo core - lógica del driver portable
core/rtw_cmd.c,unknown,LOGICA,3720,generic (65 líneas),VIABLE,Archivo core - lógica del driver portable
core/rtw_cmd.c,unknown,LOGICA,3788,generic (6 líneas),VIABLE,Archivo core - lógica del driver portable
core/rtw_cmd.c,unknown,LOGICA,3802,generic (10 líneas),VIABLE,Archivo core - lógica del driver portable
core/rtw_cmd.c,unknown,LOGICA,3830,hal_init (526 líneas),VIABLE,Archivo core - lógica del driver portable
core/rtw_cmd.c,unknown,LOGICA,4074,generic (2 líneas),VIABLE,Archivo core - lógica del driver portable
core/rtw_cmd.c,unknown,LOGICA,4098,generic (2 líneas),VIABLE,Archivo core - lógica del driver portable
core/rtw_cmd.c,unknown,LOGICA,4109,generic (4 líneas),VIABLE,Archivo core - lógica del driver portable
core/rtw_cmd.c,unknown,LOGICA,4149,generic (2 líneas),VIABLE,Archivo core - lógica del driver portable
core/rtw_cmd.c,unknown,LOGICA,4180,generic (2 líneas),VIABLE,Archivo core - lógica del driver portable
core/rtw_cmd.c,unknown,LOGICA,4212,generic (2 líneas),VIABLE,Archivo core - lógica del driver portable
core/rtw_cmd.c,unknown,LOGICA,4238,generic (4 líneas),VIABLE,Archivo core - lógica del driver portable
core/rtw_cmd.c,unknown,LOGICA,4310,"hw:ps_,compat:cfg80211 (403 líneas)",VIABLE,Archivo core - lógica del driver portable
core/rtw_cmd.c,unknown,LOGICA,4541,rtl (120 líneas),VIABLE,Archivo core - lógica del driver portable
core/rtw_debug.c,unknown,LOGICA,1,generic (4 líneas),REQUIERE_ADAPTACION,Archivo core con posible interacción con kernel
core/rtw_debug.c,unknown,LOGICA,11,"hw:hal_init,compat:cfg80211 (297 líneas)",REQUIERE_ADAPTACION,Archivo core con posible interacción con kernel
core/rtw_debug.c,unknown,LOGICA,189,generic (21 líneas),REQUIERE_ADAPTACION,Archivo core con posible interacción con kernel
core/rtw_debug.c,unknown,LOGICA,209,generic (6 líneas),REQUIERE_ADAPTACION,Archivo core con posible interacción con kernel
core/rtw_debug.c,unknown,LOGICA,221,recv (247 líneas),REQUIERE_ADAPTACION,Archivo core con posible interacción con kernel
core/rtw_debug.c,unknown,LOGICA,354,"hw:recv,compat:cfg80211 (248 líneas)",REQUIERE_ADAPTACION,Archivo core con posible interacción con kernel
core/rtw_debug.c,unknown,LOGICA,445,generic (158 líneas),REQUIERE_ADAPTACION,Archivo core con posible interacción con kernel
core/rtw_debug.c,unknown,LOGICA,485,generic (7 líneas),REQUIERE_ADAPTACION,Archivo core con posible interacción con kernel
core/rtw_debug.c,unknown,LOGICA,501,generic (74 líneas),REQUIERE_ADAPTACION,Archivo core con posible interacción con kernel
core/rtw_debug.c,unknown,LOGICA,561,generic (8 líneas),REQUIERE_ADAPTACION,Archivo core con posible interacción con kernel
core/rtw_debug.c,unknown,LOGICA,581,HAL_ (127 líneas),REQUIERE_ADAPTACION,Archivo core con posible interacción con kernel
core/rtw_debug.c,unknown,LOGICA,608,generic (29 líneas),REQUIERE_ADAPTACION,Archivo core con posible interacción con kernel
core/rtw_debug.c,unknown,LOGICA,640,generic (4 líneas),REQUIERE_ADAPTACION,Archivo core con posible interacción con kernel
core/rtw_debug.c,unknown,LOGICA,655,generic (2 líneas),REQUIERE_ADAPTACION,Archivo core con posible interacción con kernel
core/rtw_debug.c,unknown,LOGICA,683,generic (4 líneas),REQUIERE_ADAPTACION,Archivo core con posible interacción con kernel
core/rtw_debug.c,unknown,LOGICA,694,generic (7 líneas),REQUIERE_ADAPTACION,Archivo core con posible interacción con kernel
core/rtw_debug.c,unknown,LOGICA,713,generic (3 líneas),REQUIERE_ADAPTACION,Archivo core con posible interacción con kernel
core/rtw_debug.c,unknown,LOGICA,725,generic (10 líneas),REQUIERE_ADAPTACION,Archivo core con posible interacción con kernel
core/rtw_debug.c,unknown,LOGICA,757,generic (4 líneas),REQUIERE_ADAPTACION,Archivo core con posible interacción con kernel
core/rtw_debug.c,unknown,LOGICA,774,generic (2 líneas),REQUIERE_ADAPTACION,Archivo core con posible interacción con kernel
core/rtw_debug.c,unknown,LOGICA,784,generic (6 líneas),REQUIERE_ADAPTACION,Archivo core con posible interacción con kernel
core/rtw_debug.c,unknown,LOGICA,795,rf_ (14 líneas),REQUIERE_ADAPTACION,Archivo core con posible interacción con kernel
core/rtw_debug.c,unknown,LOGICA,819,generic (38 líneas),REQUIERE_ADAPTACION,Archivo core con posible interacción con kernel
core/rtw_debug.c,unknown,LOGICA,851,generic (2 líneas),REQUIERE_ADAPTACION,Archivo core con posible interacción con kernel
core/rtw_debug.c,unknown,LOGICA,873,generic (18 líneas),REQUIERE_ADAPTACION,Archivo core con posible interacción con kernel
core/rtw_debug.c,unknown,LOGICA,916,generic (12 líneas),REQUIERE_ADAPTACION,Archivo core con posible interacción con kernel
core/rtw_debug.c,unknown,LOGICA,941,generic (65 líneas),REQUIERE_ADAPTACION,Archivo core con posible interacción con kernel
core/rtw_debug.c,unknown,LOGICA,1015,generic (20 líneas),REQUIERE_ADAPTACION,Archivo core con posible interacción con kernel
core/rtw_debug.c,unknown,LOGICA,1044,ps_ (81 líneas),REQUIERE_ADAPTACION,Archivo core con posible interacción con kernel
core/rtw_debug.c,unknown,LOGICA,1107,ps_ (195 líneas),REQUIERE_ADAPTACION,Archivo core con posible interacción con kernel
core/rtw_debug.c,unknown,LOGICA,1189,recv (52 líneas),REQUIERE_ADAPTACION,Archivo core con posible interacción con kernel
core/rtw_debug.c,unknown,LOGICA,1229,recv (3 líneas),REQUIERE_ADAPTACION,Archivo core con posible interacción con kernel
core/rtw_debug.c,unknown,LOGICA,1242,recv (17 líneas),REQUIERE_ADAPTACION,Archivo core con posible interacción con kernel
core/rtw_debug.c,unknown,LOGICA,1262,xmit (92 líneas),REQUIERE_ADAPTACION,Archivo core con posible interacción con kernel
core/rtw_debug.c,unknown,LOGICA,1324,HAL_ (100 líneas),REQUIERE_ADAPTACION,Archivo core con posible interacción con kernel
core/rtw_debug.c,unknown,LOGICA,1378,generic (95 líneas),REQUIERE_ADAPTACION,Archivo core con posible interacción con kernel
core/rtw_debug.c,unknown,LOGICA,1395,generic (10 líneas),REQUIERE_ADAPTACION,Archivo core con posible interacción con kernel
core/rtw_debug.c,unknown,LOGICA,1422,_PHY_ (11 líneas),REQUIERE_ADAPTACION,Archivo core con posible interacción con kernel
core/rtw_debug.c,unknown,LOGICA,1446,generic (5 líneas),REQUIERE_ADAPTACION,Archivo core con posible interacción con kernel
core/rtw_debug.c,unknown,LOGICA,1467,rf_ (33 líneas),REQUIERE_ADAPTACION,Archivo core con posible interacción con kernel
core/rtw_debug.c,unknown,LOGICA,1506,generic (15 líneas),REQUIERE_ADAPTACION,Archivo core con posible interacción con kernel
core/rtw_debug.c,unknown,LOGICA,1533,suspend (101 líneas),REQUIERE_ADAPTACION,Archivo core con posible interacción con kernel
core/rtw_debug.c,unknown,LOGICA,1586,recv (176 líneas),REQUIERE_ADAPTACION,Archivo core con posible interacción con kernel
core/rtw_debug.c,unknown,LOGICA,1683,xmit (214 líneas),REQUIERE_ADAPTACION,Archivo core con posible interacción con kernel
core/rtw_debug.c,unknown,LOGICA,1799,generic (74 líneas),REQUIERE_ADAPTACION,Archivo core con posible interacción con kernel
core/rtw_debug.c,unknown,LOGICA,1847,recv (112 líneas),REQUIERE_ADAPTACION,Archivo core con posible interacción con kernel
core/rtw_debug.c,unknown,LOGICA,1875,recv (47 líneas),REQUIERE_ADAPTACION,Archivo core con posible interacción con kernel
core/rtw_debug.c,unknown,LOGICA,1936,recv (58 líneas),REQUIERE_ADAPTACION,Archivo core con posible interacción con kernel
core/rtw_debug.c,unknown,LOGICA,1964,generic (4 líneas),REQUIERE_ADAPTACION,Archivo core con posible interacción con kernel
core/rtw_debug.c,unknown,LOGICA,1990,generic (11 líneas),REQUIERE_ADAPTACION,Archivo core con posible interacción con kernel
core/rtw_debug.c,unknown,LOGICA,2007,generic (4 líneas),REQUIERE_ADAPTACION,Archivo core con posible interacción con kernel
core/rtw_debug.c,unknown,LOGICA,2020,generic (2 líneas),REQUIERE_ADAPTACION,Archivo core con posible interacción con kernel
core/rtw_debug.c,unknown,LOGICA,2031,generic (15 líneas),REQUIERE_ADAPTACION,Archivo core con posible interacción con kernel
core/rtw_debug.c,unknown,LOGICA,2052,generic (4 líneas),REQUIERE_ADAPTACION,Archivo core con posible interacción con kernel
core/rtw_debug.c,unknown,LOGICA,2078,rtl (71 líneas),REQUIERE_ADAPTACION,Archivo core con posible interacción con kernel
core/rtw_debug.c,unknown,LOGICA,2150,generic (3 líneas),REQUIERE_ADAPTACION,Archivo core con posible interacción con kernel
core/rtw_debug.c,unknown,LOGICA,2177,generic (72 líneas),REQUIERE_ADAPTACION,Archivo core con posible interacción con kernel
core/rtw_debug.c,unknown,LOGICA,2214,generic (57 líneas),REQUIERE_ADAPTACION,Archivo core con posible interacción con kernel
core/rtw_debug.c,unknown,LOGICA,2261,generic (7 líneas),REQUIERE_ADAPTACION,Archivo core con posible interacción con kernel
core/rtw_debug.c,unknown,LOGICA,2281,generic (6 líneas),REQUIERE_ADAPTACION,Archivo core con posible interacción con kernel
core/rtw_debug.c,unknown,LOGICA,2308,generic (7 líneas),REQUIERE_ADAPTACION,Archivo core con posible interacción con kernel
core/rtw_debug.c,unknown,LOGICA,2321,xmit (238 líneas),REQUIERE_ADAPTACION,Archivo core con posible interacción con kernel
core/rtw_debug.c,unknown,LOGICA,2343,generic (2 líneas),REQUIERE_ADAPTACION,Archivo core con posible interacción con kernel
core/rtw_debug.c,unknown,LOGICA,2360,generic (5 líneas),REQUIERE_ADAPTACION,Archivo core con posible interacción con kernel
core/rtw_debug.c,unknown,LOGICA,2378,_PHY_ (147 líneas),REQUIERE_ADAPTACION,Archivo core con posible interacción con kernel
core/rtw_debug.c,unknown,LOGICA,2417,generic (93 líneas),REQUIERE_ADAPTACION,Archivo core con posible interacción con kernel
core/rtw_debug.c,unknown,LOGICA,2445,generic (4 líneas),REQUIERE_ADAPTACION,Archivo core con posible interacción con kernel
core/rtw_debug.c,unknown,LOGICA,2459,generic (22 líneas),REQUIERE_ADAPTACION,Archivo core con posible interacción con kernel
core/rtw_debug.c,unknown,LOGICA,2493,xmit (105 líneas),REQUIERE_ADAPTACION,Archivo core con posible interacción con kernel
core/rtw_debug.c,unknown,LOGICA,2562,recv (24 líneas),REQUIERE_ADAPTACION,Archivo core con posible interacción con kernel
core/rtw_debug.c,unknown,LOGICA,2593,generic (4 líneas),REQUIERE_ADAPTACION,Archivo core con posible interacción con kernel
core/rtw_debug.c,unknown,LOGICA,2605,rf_ (60 líneas),REQUIERE_ADAPTACION,Archivo core con posible interacción con kernel
core/rtw_debug.c,unknown,LOGICA,2660,rf_ (4 líneas),REQUIERE_ADAPTACION,Archivo core con posible interacción con kernel
core/rtw_debug.c,unknown,LOGICA,2673,generic (8 líneas),REQUIERE_ADAPTACION,Archivo core con posible interacción con kernel
core/rtw_debug.c,unknown,LOGICA,2695,generic (2 líneas),REQUIERE_ADAPTACION,Archivo core con posible interacción con kernel
core/rtw_debug.c,unknown,LOGICA,2710,generic (18 líneas),REQUIERE_ADAPTACION,Archivo core con posible interacción con kernel
core/rtw_debug.c,unknown,LOGICA,2732,generic (24 líneas),REQUIERE_ADAPTACION,Archivo core con posible interacción con kernel
core/rtw_debug.c,unknown,LOGICA,2768,generic (58 líneas),REQUIERE_ADAPTACION,Archivo core con posible interacción con kernel
core/rtw_debug.c,unknown,LOGICA,2793,HAL_ (14 líneas),REQUIERE_ADAPTACION,Archivo core con posible interacción con kernel
core/rtw_debug.c,unknown,LOGICA,2802,HAL_ (2 líneas),REQUIERE_ADAPTACION,Archivo core con posible interacción con kernel
core/rtw_debug.c,unknown,LOGICA,2817,HAL_ (226 líneas),REQUIERE_ADAPTACION,Archivo core con posible interacción con kernel
core/rtw_debug.c,unknown,LOGICA,2840,recv (24 líneas),REQUIERE_ADAPTACION,Archivo core con posible interacción con kernel
core/rtw_debug.c,unknown,LOGICA,2879,xmit (36 líneas),REQUIERE_ADAPTACION,Archivo core con posible interacción con kernel
core/rtw_debug.c,unknown,LOGICA,2911,xmit (389 líneas),REQUIERE_ADAPTACION,Archivo core con posible interacción con kernel
core/rtw_debug.c,unknown,LOGICA,2950,ps_ (26 líneas),REQUIERE_ADAPTACION,Archivo core con posible interacción con kernel
core/rtw_debug.c,unknown,LOGICA,2975,recv (51 líneas),REQUIERE_ADAPTACION,Archivo core con posible interacción con kernel
core/rtw_debug.c,unknown,LOGICA,3020,generic (2 líneas),REQUIERE_ADAPTACION,Archivo core con posible interacción con kernel
core/rtw_debug.c,unknown,LOGICA,3033,ps_ (21 líneas),REQUIERE_ADAPTACION,Archivo core con posible interacción con kernel
core/rtw_debug.c,unknown,LOGICA,3053,ps_ (271 líneas),REQUIERE_ADAPTACION,Archivo core con posible interacción con kernel
core/rtw_debug.c,unknown,LOGICA,3099,generic (122 líneas),REQUIERE_ADAPTACION,Archivo core con posible interacción con kernel
core/rtw_debug.c,unknown,LOGICA,3192,"hw:HAL_,compat:ieee80211 (202 líneas)",REQUIERE_ADAPTACION,Archivo core con posible interacción con kernel
core/rtw_debug.c,unknown,LOGICA,3513,HAL_ (4 líneas),REQUIERE_ADAPTACION,Archivo core con posible interacción con kernel
core/rtw_debug.c,unknown,LOGICA,3530,generic (19 líneas),REQUIERE_ADAPTACION,Archivo core con posible interacción con kernel
core/rtw_debug.c,unknown,LOGICA,3549,generic (5 líneas),REQUIERE_ADAPTACION,Archivo core con posible interacción con kernel
core/rtw_debug.c,unknown,LOGICA,3562,"hw:xmit,compat:ieee80211 (103 líneas)",REQUIERE_ADAPTACION,Archivo core con posible interacción con kernel
core/rtw_debug.c,unknown,LOGICA,3585,ps_ (66 líneas),REQUIERE_ADAPTACION,Archivo core con posible interacción con kernel
core/rtw_debug.c,unknown,LOGICA,3617,ps_ (20 líneas),REQUIERE_ADAPTACION,Archivo core con posible interacción con kernel
core/rtw_debug.c,unknown,LOGICA,3673,generic (34 líneas),REQUIERE_ADAPTACION,Archivo core con posible interacción con kernel
core/rtw_debug.c,unknown,LOGICA,3728,generic (4 líneas),REQUIERE_ADAPTACION,Archivo core con posible interacción con kernel
core/rtw_debug.c,unknown,LOGICA,3751,"hw:xmit,compat:ieee80211 (57 líneas)",REQUIERE_ADAPTACION,Archivo core con posible interacción con kernel
core/rtw_debug.c,unknown,LOGICA,3833,generic (4 líneas),REQUIERE_ADAPTACION,Archivo core con posible interacción con kernel
core/rtw_debug.c,unknown,LOGICA,3856,generic (16 líneas),REQUIERE_ADAPTACION,Archivo core con posible interacción con kernel
core/rtw_debug.c,unknown,LOGICA,3883,generic (4 líneas),REQUIERE_ADAPTACION,Archivo core con posible interacción con kernel
core/rtw_debug.c,unknown,LOGICA,3892,"hw:ps_,compat:ieee80211 (1162 líneas)",REQUIERE_ADAPTACION,Archivo core con posible interacción con kernel
core/rtw_eeprom.c,unknown,LOGICA,1,generic (4 líneas),VIABLE,Archivo core - lógica del driver portable
core/rtw_eeprom.c,unknown,LOGICA,11,rtl (23 líneas),VIABLE,Archivo core - lógica del driver portable
core/rtw_eeprom.c,unknown,LOGICA,57,rtl (6 líneas),VIABLE,Archivo core - lógica del driver portable
core/rtw_eeprom.c,unknown,LOGICA,71,rtl (89 líneas),VIABLE,Archivo core - lógica del driver portable
core/rtw_eeprom.c,unknown,LOGICA,209,rtl (82 líneas),VIABLE,Archivo core - lógica del driver portable
core/rtw_eeprom.c,unknown,LOGICA,304,rtl (15 líneas),VIABLE,Archivo core - lógica del driver portable
core/rtw_eeprom.c,unknown,LOGICA,330,rtl (9 líneas),VIABLE,Archivo core - lógica del driver portable
core/rtw_eeprom.c,unknown,LOGICA,353,generic (58 líneas),VIABLE,Archivo core - lógica del driver portable
core/rtw_ieee80211.c,unknown,LOGICA,1,generic (4 líneas),VIABLE,Archivo core - lógica del driver portable
core/rtw_ieee80211.c,unknown,MIXTO,38,"compat:ieee80211,hw:dm_ (65 líneas)",VIABLE,Archivo core - lógica del driver portable
core/rtw_ieee80211.c,unknown,LOGICA,73,dm_ (42 líneas),VIABLE,Archivo core - lógica del driver portable
core/rtw_ieee80211.c,unknown,LOGICA,116,generic (40 líneas),VIABLE,Archivo core - lógica del driver portable
core/rtw_ieee80211.c,unknown,LOGICA,147,generic (42 líneas),VIABLE,Archivo core - lógica del driver portable
core/rtw_ieee80211.c,unknown,LOGICA,205,generic (11 líneas),VIABLE,Archivo core - lógica del driver portable
core/rtw_ieee80211.c,unknown,LOGICA,226,HAL_ (6 líneas),VIABLE,Archivo core - lógica del driver portable
core/rtw_ieee80211.c,unknown,LOGICA,238,HAL_ (6 líneas),VIABLE,Archivo core - lógica del driver portable
core/rtw_ieee80211.c,unknown,LOGICA,252,generic (6 líneas),VIABLE,Archivo core - lógica del driver portable
core/rtw_ieee80211.c,unknown,LOGICA,267,generic (22 líneas),VIABLE,Archivo core - lógica del driver portable
core/rtw_ieee80211.c,unknown,LOGICA,296,generic (1 líneas),VIABLE,Archivo core - lógica del driver portable
core/rtw_ieee80211.c,unknown,LOGICA,312,generic (38 líneas),VIABLE,Archivo core - lógica del driver portable
core/rtw_ieee80211.c,unknown,LOGICA,369,generic (4 líneas),VIABLE,Archivo core - lógica del driver portable
core/rtw_ieee80211.c,unknown,LOGICA,388,"hw:dm_,compat:ieee80211 (181 líneas)",VIABLE,Archivo core - lógica del driver portable
core/rtw_ieee80211.c,unknown,LOGICA,496,generic (38 líneas),VIABLE,Archivo core - lógica del driver portable
core/rtw_ieee80211.c,unknown,LOGICA,549,generic (10 líneas),VIABLE,Archivo core - lógica del driver portable
core/rtw_ieee80211.c,unknown,LOGICA,572,generic (3 líneas),VIABLE,Archivo core - lógica del driver portable
core/rtw_ieee80211.c,unknown,LOGICA,597,generic (4 líneas),VIABLE,Archivo core - lógica del driver portable
core/rtw_ieee80211.c,unknown,LOGICA,619,generic (2 líneas),VIABLE,Archivo core - lógica del driver portable
core/rtw_ieee80211.c,unknown,LOGICA,629,generic (55 líneas),VIABLE,Archivo core - lógica del driver portable
core/rtw_ieee80211.c,unknown,LOGICA,648,ps_ (459 líneas),VIABLE,Archivo core - lógica del driver portable
core/rtw_ieee80211.c,unknown,LOGICA,975,ps_ (4 líneas),VIABLE,Archivo core - lógica del driver portable
core/rtw_ieee80211.c,unknown,LOGICA,986,generic (4 líneas),VIABLE,Archivo core - lógica del driver portable
core/rtw_ieee80211.c,unknown,LOGICA,1012,ps_ (5 líneas),VIABLE,Archivo core - lógica del driver portable
core/rtw_ieee80211.c,unknown,LOGICA,1031,ps_ (52 líneas),VIABLE,Archivo core - lógica del driver portable
core/rtw_ieee80211.c,unknown,LOGICA,1085,ps_ (87 líneas),VIABLE,Archivo core - lógica del driver portable
core/rtw_ieee80211.c,unknown,LOGICA,1124,generic (6 líneas),VIABLE,Archivo core - lógica del driver portable
core/rtw_ieee80211.c,unknown,LOGICA,1145,generic (8 líneas),VIABLE,Archivo core - lógica del driver portable
core/rtw_ieee80211.c,unknown,LOGICA,1162,generic (8 líneas),VIABLE,Archivo core - lógica del driver portable
core/rtw_ieee80211.c,unknown,LOGICA,1175,ps_ (8 líneas),VIABLE,Archivo core - lógica del driver portable
core/rtw_ieee80211.c,unknown,LOGICA,1190,xmit (27 líneas),VIABLE,Archivo core - lógica del driver portable
core/rtw_ieee80211.c,unknown,LOGICA,1219,generic (4 líneas),VIABLE,Archivo core - lógica del driver portable
core/rtw_ieee80211.c,unknown,LOGICA,1237,generic (8 líneas),VIABLE,Archivo core - lógica del driver portable
core/rtw_ieee80211.c,unknown,LOGICA,1288,generic (4 líneas),VIABLE,Archivo core - lógica del driver portable
core/rtw_ieee80211.c,unknown,LOGICA,1336,generic (25 líneas),VIABLE,Archivo core - lógica del driver portable
core/rtw_ieee80211.c,unknown,LOGICA,1355,generic (22 líneas),VIABLE,Archivo core - lógica del driver portable
core/rtw_ieee80211.c,unknown,LOGICA,1388,generic (4 líneas),VIABLE,Archivo core - lógica del driver portable
core/rtw_ieee80211.c,unknown,LOGICA,1408,generic (22 líneas),VIABLE,Archivo core - lógica del driver portable
core/rtw_ieee80211.c,unknown,LOGICA,1478,generic (2 líneas),VIABLE,Archivo core - lógica del driver portable
core/rtw_ieee80211.c,unknown,LOGICA,1496,generic (2 líneas),VIABLE,Archivo core - lógica del driver portable
core/rtw_ieee80211.c,unknown,LOGICA,1518,ps_ (98 líneas),VIABLE,Archivo core - lógica del driver portable
core/rtw_ieee80211.c,unknown,LOGICA,1614,ps_ (37 líneas),VIABLE,Archivo core - lógica del driver portable
core/rtw_ieee80211.c,unknown,LOGICA,1628,generic (4 líneas),VIABLE,Archivo core - lógica del driver portable
core/rtw_ieee80211.c,unknown,LOGICA,1643,HAL_ (98 líneas),VIABLE,Archivo core - lógica del driver portable
core/rtw_ieee80211.c,unknown,LOGICA,1718,generic (2 líneas),VIABLE,Archivo core - lógica del driver portable
core/rtw_ieee80211.c,unknown,LOGICA,1726,generic (4 líneas),VIABLE,Archivo core - lógica del driver portable
core/rtw_ieee80211.c,unknown,LOGICA,1748,generic (2 líneas),VIABLE,Archivo core - lógica del driver portable
core/rtw_ieee80211.c,unknown,LOGICA,1763,HAL_ (4 líneas),VIABLE,Archivo core - lógica del driver portable
core/rtw_ieee80211.c,unknown,LOGICA,1775,HAL_ (4 líneas),VIABLE,Archivo core - lógica del driver portable
core/rtw_ieee80211.c,unknown,LOGICA,1787,HAL_ (2 líneas),VIABLE,Archivo core - lógica del driver portable
core/rtw_ieee80211.c,unknown,LOGICA,1797,generic (1 líneas),VIABLE,Archivo core - lógica del driver portable
core/rtw_ieee80211.c,unknown,LOGICA,1807,generic (18 líneas),VIABLE,Archivo core - lógica del driver portable
core/rtw_ieee80211.c,unknown,LOGICA,1837,generic (35 líneas),VIABLE,Archivo core - lógica del driver portable
core/rtw_ieee80211.c,unknown,LOGICA,1886,generic (2 líneas),VIABLE,Archivo core - lógica del driver portable
core/rtw_ieee80211.c,unknown,LOGICA,1902,generic (4 líneas),VIABLE,Archivo core - lógica del driver portable
core/rtw_ieee80211.c,unknown,LOGICA,1913,generic (4 líneas),VIABLE,Archivo core - lógica del driver portable
core/rtw_ieee80211.c,unknown,LOGICA,1939,generic (5 líneas),VIABLE,Archivo core - lógica del driver portable
core/rtw_ieee80211.c,unknown,LOGICA,1958,generic (2 líneas),VIABLE,Archivo core - lógica del driver portable
core/rtw_ieee80211.c,unknown,LOGICA,1968,generic (6 líneas),VIABLE,Archivo core - lógica del driver portable
core/rtw_ieee80211.c,unknown,LOGICA,1983,generic (2 líneas),VIABLE,Archivo core - lógica del driver portable
core/rtw_ieee80211.c,unknown,LOGICA,1998,generic (5 líneas),VIABLE,Archivo core - lógica del driver portable
core/rtw_ieee80211.c,unknown,LOGICA,2012,generic (36 líneas),VIABLE,Archivo core - lógica del driver portable
core/rtw_ieee80211.c,unknown,LOGICA,2072,generic (8 líneas),VIABLE,Archivo core - lógica del driver portable
core/rtw_ieee80211.c,unknown,LOGICA,2085,generic (5 líneas),VIABLE,Archivo core - lógica del driver portable
core/rtw_ieee80211.c,unknown,LOGICA,2107,generic (10 líneas),VIABLE,Archivo core - lógica del driver portable
core/rtw_ieee80211.c,unknown,LOGICA,2128,generic (5 líneas),VIABLE,Archivo core - lógica del driver portable
core/rtw_ieee80211.c,unknown,LOGICA,2179,generic (8 líneas),VIABLE,Archivo core - lógica del driver portable
core/rtw_ieee80211.c,unknown,LOGICA,2198,generic (5 líneas),VIABLE,Archivo core - lógica del driver portable
core/rtw_ieee80211.c,unknown,LOGICA,2212,generic (29 líneas),VIABLE,Archivo core - lógica del driver portable
core/rtw_ieee80211.c,unknown,LOGICA,2252,generic (4 líneas),VIABLE,Archivo core - lógica del driver portable
core/rtw_ieee80211.c,unknown,LOGICA,2263,generic (4 líneas),VIABLE,Archivo core - lógica del driver portable
core/rtw_ieee80211.c,unknown,LOGICA,2289,generic (83 líneas),VIABLE,Archivo core - lógica del driver portable
core/rtw_ieee80211.c,unknown,LOGICA,2318,generic (6 líneas),VIABLE,Archivo core - lógica del driver portable
core/rtw_ieee80211.c,unknown,LOGICA,2333,generic (2 líneas),VIABLE,Archivo core - lógica del driver portable
core/rtw_ieee80211.c,unknown,LOGICA,2348,generic (3 líneas),VIABLE,Archivo core - lógica del driver portable
core/rtw_ieee80211.c,unknown,LOGICA,2389,generic (42 líneas),VIABLE,Archivo core - lógica del driver portable
core/rtw_ieee80211.c,unknown,LOGICA,2447,generic (8 líneas),VIABLE,Archivo core - lógica del driver portable
core/rtw_ieee80211.c,unknown,LOGICA,2461,generic (5 líneas),VIABLE,Archivo core - lógica del driver portable
core/rtw_ieee80211.c,unknown,LOGICA,2479,generic (11 líneas),VIABLE,Archivo core - lógica del driver portable
core/rtw_ieee80211.c,unknown,LOGICA,2511,generic (8 líneas),VIABLE,Archivo core - lógica del driver portable
core/rtw_ieee80211.c,unknown,LOGICA,2530,generic (5 líneas),VIABLE,Archivo core - lógica del driver portable
core/rtw_ieee80211.c,unknown,LOGICA,2594,"hw:rtl,compat:ieee80211 (101 líneas)",VIABLE,Archivo core - lógica del driver portable
core/rtw_ieee80211.c,unknown,LOGICA,2706,"hw:rf_,compat:ieee80211 (126 líneas)",VIABLE,Archivo core - lógica del driver portable
core/rtw_ieee80211.c,unknown,LOGICA,2832,generic (50 líneas),VIABLE,Archivo core - lógica del driver portable
core/rtw_io.c,unknown,LOGICA,1,generic (2 líneas),VIABLE,Archivo core - lógica del driver portable
core/rtw_io.c,unknown,LOGICA,11,generic (7 líneas),VIABLE,Archivo core - lógica del driver portable
core/rtw_io.c,unknown,LOGICA,52,HAL_ (68 líneas),VIABLE,Archivo core - lógica del driver portable
core/rtw_io.c,unknown,LOGICA,185,generic (6 líneas),VIABLE,Archivo core - lógica del driver portable
core/rtw_io.c,unknown,LOGICA,205,generic (4 líneas),VIABLE,Archivo core - lógica del driver portable
core/rtw_io.c,unknown,LOGICA,222,generic (4 líneas),VIABLE,Archivo core - lógica del driver portable
core/rtw_io.c,unknown,LOGICA,239,generic (4 líneas),VIABLE,Archivo core - lógica del driver portable
core/rtw_io.c,unknown,LOGICA,263,generic (2 líneas),VIABLE,Archivo core - lógica del driver portable
core/rtw_io.c,unknown,LOGICA,280,generic (2 líneas),VIABLE,Archivo core - lógica del driver portable
core/rtw_io.c,unknown,LOGICA,296,generic (2 líneas),VIABLE,Archivo core - lógica del driver portable
core/rtw_io.c,unknown,LOGICA,307,generic (12 líneas),VIABLE,Archivo core - lógica del driver portable
core/rtw_io.c,unknown,LOGICA,354,rtl (6 líneas),VIABLE,Archivo core - lógica del driver portable
core/rtw_io.c,unknown,LOGICA,371,rtl (16 líneas),VIABLE,Archivo core - lógica del driver portable
core/rtw_io.c,unknown,LOGICA,426,generic (10 líneas),VIABLE,Archivo core - lógica del driver portable
core/rtw_io.c,unknown,LOGICA,460,xmit (8 líneas),VIABLE,Archivo core - lógica del driver portable
core/rtw_io.c,unknown,LOGICA,476,generic (4 líneas),VIABLE,Archivo core - lógica del driver portable
core/rtw_io.c,unknown,LOGICA,490,generic (4 líneas),VIABLE,Archivo core - lógica del driver portable
core/rtw_io.c,unknown,LOGICA,505,generic (9 líneas),VIABLE,Archivo core - lógica del driver portable
core/rtw_io.c,unknown,LOGICA,519,rtl (228 líneas),VIABLE,Archivo core - lógica del driver portable
core/rtw_io.c,unknown,LOGICA,574,rf_ (6 líneas),VIABLE,Archivo core - lógica del driver portable
core/rtw_io.c,unknown,LOGICA,590,rf_ (2 líneas),VIABLE,Archivo core - lógica del driver portable
core/rtw_io.c,unknown,LOGICA,603,generic (52 líneas),VIABLE,Archivo core - lógica del driver portable
core/rtw_io.c,unknown,LOGICA,616,generic (8 líneas),VIABLE,Archivo core - lógica del driver portable
core/rtw_io.c,unknown,LOGICA,626,generic (40 líneas),VIABLE,Archivo core - lógica del driver portable
core/rtw_io.c,unknown,LOGICA,667,generic (10 líneas),VIABLE,Archivo core - lógica del driver portable
core/rtw_io.c,unknown,LOGICA,680,generic (6 líneas),VIABLE,Archivo core - lógica del driver portable
core/rtw_io.c,unknown,LOGICA,689,generic (8 líneas),VIABLE,Archivo core - lógica del driver portable
core/rtw_io.c,unknown,LOGICA,699,generic (32 líneas),VIABLE,Archivo core - lógica del driver portable
core/rtw_io.c,unknown,LOGICA,733,generic (2 líneas),VIABLE,Archivo core - lógica del driver portable
core/rtw_ioctl_query.c,unknown,LOGICA,1,generic (4 líneas),VIABLE,Archivo core - lógica del driver portable
core/rtw_ioctl_query.c,unknown,LOGICA,11,rtl (175 líneas),VIABLE,Archivo core - lógica del driver portable
core/rtw_ioctl_set.c,unknown,LOGICA,1,generic (4 líneas),VIABLE,Archivo core - lógica del driver portable
core/rtw_ioctl_set.c,unknown,LOGICA,11,generic (7 líneas),VIABLE,Archivo core - lógica del driver portable
core/rtw_ioctl_set.c,unknown,LOGICA,26,rtl (191 líneas),VIABLE,Archivo core - lógica del driver portable
core/rtw_ioctl_set.c,unknown,LOGICA,213,rtl (147 líneas),VIABLE,Archivo core - lógica del driver portable
core/rtw_ioctl_set.c,unknown,LOGICA,380,ps_ (100 líneas),VIABLE,Archivo core - lógica del driver portable
core/rtw_ioctl_set.c,unknown,LOGICA,503,rtl (23 líneas),VIABLE,Archivo core - lógica del driver portable
core/rtw_ioctl_set.c,unknown,LOGICA,543,rtl (13 líneas),VIABLE,Archivo core - lógica del driver portable
core/rtw_ioctl_set.c,unknown,LOGICA,581,"hw:HAL_,compat:ieee80211 (977 líneas)",VIABLE,Archivo core - lógica del driver portable
core/rtw_ioctl_set.c,unknown,LOGICA,1452,generic (12 líneas),VIABLE,Archivo core - lógica del driver portable
core/rtw_iol.c,unknown,LOGICA,1,generic (4 líneas),VIABLE,Archivo core - lógica del driver portable
core/rtw_iol.c,unknown,LOGICA,11,generic (7 líneas),VIABLE,Archivo core - lógica del driver portable
core/rtw_iol.c,unknown,LOGICA,29,xmit (18 líneas),VIABLE,Archivo core - lógica del driver portable
core/rtw_iol.c,unknown,LOGICA,50,xmit (11 líneas),VIABLE,Archivo core - lógica del driver portable
core/rtw_iol.c,unknown,LOGICA,79,xmit (10 líneas),VIABLE,Archivo core - lógica del driver portable
core/rtw_iol.c,unknown,LOGICA,92,generic (10 líneas),VIABLE,Archivo core - lógica del driver portable
core/rtw_iol.c,unknown,LOGICA,112,xmit (2 líneas),VIABLE,Archivo core - lógica del driver portable
core/rtw_iol.c,unknown,LOGICA,122,xmit (210 líneas),VIABLE,Archivo core - lógica del driver portable
core/rtw_iol.c,unknown,LOGICA,335,xmit (20 líneas),VIABLE,Archivo core - lógica del driver portable
core/rtw_iol.c,unknown,LOGICA,367,xmit (14 líneas),VIABLE,Archivo core - lógica del driver portable
core/rtw_mem.c,unknown,LOGICA,1,"hw:recv,compat:dev_alloc_skb (250 líneas)",VIABLE,Archivo core - lógica del driver portable
core/rtw_mlme.c,unknown,LOGICA,1,generic (4 líneas),REQUIERE_ADAPTACION,Archivo core con posible interacción con kernel
core/rtw_mlme.c,unknown,LOGICA,11,HAL_ (80 líneas),REQUIERE_ADAPTACION,Archivo core con posible interacción con kernel
core/rtw_mlme.c,unknown,LOGICA,73,"hw:resume,compat:cfg80211 (137 líneas)",REQUIERE_ADAPTACION,Archivo core con posible interacción con kernel
core/rtw_mlme.c,unknown,LOGICA,172,generic (8 líneas),REQUIERE_ADAPTACION,Archivo core con posible interacción con kernel
core/rtw_mlme.c,unknown,LOGICA,207,generic (4 líneas),REQUIERE_ADAPTACION,Archivo core con posible interacción con kernel
core/rtw_mlme.c,unknown,LOGICA,223,generic (2 líneas),REQUIERE_ADAPTACION,Archivo core con posible interacción con kernel
core/rtw_mlme.c,unknown,LOGICA,239,generic (2 líneas),REQUIERE_ADAPTACION,Archivo core con posible interacción con kernel
core/rtw_mlme.c,unknown,LOGICA,302,rtl (52 líneas),REQUIERE_ADAPTACION,Archivo core con posible interacción con kernel
core/rtw_mlme.c,unknown,LOGICA,378,generic (29 líneas),REQUIERE_ADAPTACION,Archivo core con posible interacción con kernel
core/rtw_mlme.c,unknown,LOGICA,413,generic (1 líneas),REQUIERE_ADAPTACION,Archivo core con posible interacción con kernel
core/rtw_mlme.c,unknown,LOGICA,421,rtl (100 líneas),REQUIERE_ADAPTACION,Archivo core con posible interacción con kernel
core/rtw_mlme.c,unknown,LOGICA,553,rtl (25 líneas),REQUIERE_ADAPTACION,Archivo core con posible interacción con kernel
core/rtw_mlme.c,unknown,LOGICA,610,"hw:rtl,compat:cfg80211 (159 líneas)",REQUIERE_ADAPTACION,Archivo core con posible interacción con kernel
core/rtw_mlme.c,unknown,LOGICA,746,generic (8 líneas),REQUIERE_ADAPTACION,Archivo core con posible interacción con kernel
core/rtw_mlme.c,unknown,LOGICA,766,generic (2 líneas),REQUIERE_ADAPTACION,Archivo core con posible interacción con kernel
core/rtw_mlme.c,unknown,LOGICA,776,recv (75 líneas),REQUIERE_ADAPTACION,Archivo core con posible interacción con kernel
core/rtw_mlme.c,unknown,LOGICA,876,recv (94 líneas),REQUIERE_ADAPTACION,Archivo core con posible interacción con kernel
core/rtw_mlme.c,unknown,LOGICA,956,generic (28 líneas),REQUIERE_ADAPTACION,Archivo core con posible interacción con kernel
core/rtw_mlme.c,unknown,LOGICA,994,"hw:recv,compat:NDO_ (637 líneas)",REQUIERE_ADAPTACION,Archivo core con posible interacción con kernel
core/rtw_mlme.c,unknown,LOGICA,1149,ps_ (393 líneas),REQUIERE_ADAPTACION,Archivo core con posible interacción con kernel
core/rtw_mlme.c,unknown,LOGICA,1316,ps_ (151 líneas),REQUIERE_ADAPTACION,Archivo core con posible interacción con kernel
core/rtw_mlme.c,unknown,LOGICA,1450,"hw:HAL_,compat:cfg80211 (180 líneas)",REQUIERE_ADAPTACION,Archivo core con posible interacción con kernel
core/rtw_mlme.c,unknown,LOGICA,1507,recv (147 líneas),REQUIERE_ADAPTACION,Archivo core con posible interacción con kernel
core/rtw_mlme.c,unknown,LOGICA,1647,xmit (41 líneas),REQUIERE_ADAPTACION,Archivo core con posible interacción con kernel
core/rtw_mlme.c,unknown,LOGICA,1700,ps_ (68 líneas),REQUIERE_ADAPTACION,Archivo core con posible interacción con kernel
core/rtw_mlme.c,unknown,LOGICA,1768,suspend (46 líneas),REQUIERE_ADAPTACION,Archivo core con posible interacción con kernel
core/rtw_mlme.c,unknown,LOGICA,1848,generic (13 líneas),REQUIERE_ADAPTACION,Archivo core con posible interacción con kernel
core/rtw_mlme.c,unknown,LOGICA,1871,generic (2 líneas),REQUIERE_ADAPTACION,Archivo core con posible interacción con kernel
core/rtw_mlme.c,unknown,LOGICA,1880,"hw:ps_,compat:cfg80211 (562 líneas)",REQUIERE_ADAPTACION,Archivo core con posible interacción con kernel
core/rtw_mlme.c,unknown,LOGICA,2311,generic (22 líneas),REQUIERE_ADAPTACION,Archivo core con posible interacción con kernel
core/rtw_mlme.c,unknown,LOGICA,2352,generic (4 líneas),REQUIERE_ADAPTACION,Archivo core con posible interacción con kernel
core/rtw_mlme.c,unknown,LOGICA,2363,HAL_ (2 líneas),REQUIERE_ADAPTACION,Archivo core con posible interacción con kernel
core/rtw_mlme.c,unknown,LOGICA,2371,generic (2 líneas),REQUIERE_ADAPTACION,Archivo core con posible interacción con kernel
core/rtw_mlme.c,unknown,LOGICA,2411,generic (2 líneas),REQUIERE_ADAPTACION,Archivo core con posible interacción con kernel
core/rtw_mlme.c,unknown,LOGICA,2426,"hw:odm_,compat:cfg80211 (119 líneas)",REQUIERE_ADAPTACION,Archivo core con posible interacción con kernel
core/rtw_mlme.c,unknown,LOGICA,2531,"hw:ps_,compat:cfg80211 (285 líneas)",REQUIERE_ADAPTACION,Archivo core con posible interacción con kernel
core/rtw_mlme.c,unknown,LOGICA,2861,"hw:ps_,compat:cfg80211 (491 líneas)",REQUIERE_ADAPTACION,Archivo core con posible interacción con kernel
core/rtw_mlme.c,unknown,LOGICA,3119,generic (25 líneas),REQUIERE_ADAPTACION,Archivo core con posible interacción con kernel
core/rtw_mlme.c,unknown,LOGICA,3164,rf_ (68 líneas),REQUIERE_ADAPTACION,Archivo core con posible interacción con kernel
core/rtw_mlme.c,unknown,LOGICA,3213,generic (5 líneas),REQUIERE_ADAPTACION,Archivo core con posible interacción con kernel
core/rtw_mlme.c,unknown,LOGICA,3227,generic (2 líneas),REQUIERE_ADAPTACION,Archivo core con posible interacción con kernel
core/rtw_mlme.c,unknown,LOGICA,3235,rtl (54 líneas),REQUIERE_ADAPTACION,Archivo core con posible interacción con kernel
core/rtw_mlme.c,unknown,LOGICA,3283,rf_ (85 líneas),REQUIERE_ADAPTACION,Archivo core con posible interacción con kernel
core/rtw_mlme.c,unknown,LOGICA,3349,generic (14 líneas),REQUIERE_ADAPTACION,Archivo core con posible interacción con kernel
core/rtw_mlme.c,unknown,LOGICA,3380,"hw:ps_,compat:ieee80211 (631 líneas)",REQUIERE_ADAPTACION,Archivo core con posible interacción con kernel
core/rtw_mlme.c,unknown,LOGICA,3808,xmit (147 líneas),REQUIERE_ADAPTACION,Archivo core con posible interacción con kernel
core/rtw_mlme.c,unknown,LOGICA,3992,generic (4 líneas),REQUIERE_ADAPTACION,Archivo core con posible interacción con kernel
core/rtw_mlme.c,unknown,LOGICA,4006,HAL_ (58 líneas),REQUIERE_ADAPTACION,Archivo core con posible interacción con kernel
core/rtw_mlme.c,unknown,LOGICA,4061,"hw:recv,compat:ieee80211 (16 líneas)",REQUIERE_ADAPTACION,Archivo core con posible interacción con kernel
core/rtw_mlme.c,unknown,LOGICA,4096,"hw:HAL_,compat:ieee80211 (32 líneas)",REQUIERE_ADAPTACION,Archivo core con posible interacción con kernel
core/rtw_mlme.c,unknown,LOGICA,4137,"hw:HAL_,compat:ieee80211 (68 líneas)",REQUIERE_ADAPTACION,Archivo core con posible interacción con kernel
core/rtw_mlme.c,unknown,LOGICA,4149,"hw:recv,compat:ieee80211 (78 líneas)",REQUIERE_ADAPTACION,Archivo core con posible interacción con kernel
core/rtw_mlme.c,unknown,LOGICA,4270,"hw:ps_,compat:ieee80211 (102 líneas)",REQUIERE_ADAPTACION,Archivo core con posible interacción con kernel
core/rtw_mlme.c,unknown,LOGICA,4375,ps_ (160 líneas),REQUIERE_ADAPTACION,Archivo core con posible interacción con kernel
core/rtw_mlme.c,unknown,LOGICA,4513,xmit (104 líneas),REQUIERE_ADAPTACION,Archivo core con posible interacción con kernel
core/rtw_mlme.c,unknown,LOGICA,4646,generic (35 líneas),REQUIERE_ADAPTACION,Archivo core con posible interacción con kernel
core/rtw_mlme.c,unknown,LOGICA,4685,generic (4 líneas),REQUIERE_ADAPTACION,Archivo core con posible interacción con kernel
core/rtw_mlme.c,unknown,LOGICA,4707,generic (89 líneas),REQUIERE_ADAPTACION,Archivo core con posible interacción con kernel
core/rtw_mlme.c,unknown,LOGICA,4780,generic (2 líneas),REQUIERE_ADAPTACION,Archivo core con posible interacción con kernel
core/rtw_mlme.c,unknown,LOGICA,4818,generic (4 líneas),REQUIERE_ADAPTACION,Archivo core con posible interacción con kernel
core/rtw_mlme.c,unknown,LOGICA,4840,recv (13 líneas),REQUIERE_ADAPTACION,Archivo core con posible interacción con kernel
core/rtw_mlme_ext.c,unknown,LOGICA,1,generic (4 líneas),REQUIERE_ADAPTACION,Archivo core con posible interacción con kernel
core/rtw_mlme_ext.c,unknown,LOGICA,11,"hw:HAL_,compat:cfg80211 (13 líneas)",REQUIERE_ADAPTACION,Archivo core con posible interacción con kernel
core/rtw_mlme_ext.c,unknown,LOGICA,45,generic (4 líneas),REQUIERE_ADAPTACION,Archivo core con posible interacción con kernel
core/rtw_mlme_ext.c,unknown,LOGICA,68,"hw:xmit,compat:ieee80211 (26 líneas)",REQUIERE_ADAPTACION,Archivo core con posible interacción con kernel
core/rtw_mlme_ext.c,unknown,LOGICA,103,ps_ (6 líneas),REQUIERE_ADAPTACION,Archivo core con posible interacción con kernel
core/rtw_mlme_ext.c,unknown,LOGICA,112,"hw:xmit,compat:ieee80211 (497 líneas)",REQUIERE_ADAPTACION,Archivo core con posible interacción con kernel
core/rtw_mlme_ext.c,unknown,LOGICA,409,generic (3 líneas),REQUIERE_ADAPTACION,Archivo core con posible interacción con kernel
core/rtw_mlme_ext.c,unknown,LOGICA,439,rf_ (6 líneas),REQUIERE_ADAPTACION,Archivo core con posible interacción con kernel
core/rtw_mlme_ext.c,unknown,LOGICA,453,generic (2 líneas),REQUIERE_ADAPTACION,Archivo core con posible interacción con kernel
core/rtw_mlme_ext.c,unknown,LOGICA,474,HAL_ (7 líneas),REQUIERE_ADAPTACION,Archivo core con posible interacción con kernel
core/rtw_mlme_ext.c,unknown,LOGICA,486,generic (2 líneas),REQUIERE_ADAPTACION,Archivo core con posible interacción con kernel
core/rtw_mlme_ext.c,unknown,LOGICA,523,generic (2 líneas),REQUIERE_ADAPTACION,Archivo core con posible interacción con kernel
core/rtw_mlme_ext.c,unknown,LOGICA,537,generic (2 líneas),REQUIERE_ADAPTACION,Archivo core con posible interacción con kernel
core/rtw_mlme_ext.c,unknown,LOGICA,553,odm_ (495 líneas),REQUIERE_ADAPTACION,Archivo core con posible interacción con kernel
core/rtw_mlme_ext.c,unknown,LOGICA,862,generic (35 líneas),REQUIERE_ADAPTACION,Archivo core con posible interacción con kernel
core/rtw_mlme_ext.c,unknown,LOGICA,877,"hw:HAL_,compat:ieee80211 (70 líneas)",REQUIERE_ADAPTACION,Archivo core con posible interacción con kernel
core/rtw_mlme_ext.c,unknown,LOGICA,932,resume (21 líneas),REQUIERE_ADAPTACION,Archivo core con posible interacción con kernel
core/rtw_mlme_ext.c,unknown,LOGICA,965,"hw:ps_,compat:ieee80211 (259 líneas)",REQUIERE_ADAPTACION,Archivo core con posible interacción con kernel
core/rtw_mlme_ext.c,unknown,LOGICA,1223,recv (155 líneas),REQUIERE_ADAPTACION,Archivo core con posible interacción con kernel
core/rtw_mlme_ext.c,unknown,LOGICA,1350,"hw:ps_,compat:cfg80211 (136 líneas)",REQUIERE_ADAPTACION,Archivo core con posible interacción con kernel
core/rtw_mlme_ext.c,unknown,LOGICA,1467,ps_ (5 líneas),REQUIERE_ADAPTACION,Archivo core con posible interacción con kernel
core/rtw_mlme_ext.c,unknown,LOGICA,1488,"hw:ps_,compat:cfg80211 (220 líneas)",REQUIERE_ADAPTACION,Archivo core con posible interacción con kernel
core/rtw_mlme_ext.c,unknown,LOGICA,1695,recv (56 líneas),REQUIERE_ADAPTACION,Archivo core con posible interacción con kernel
core/rtw_mlme_ext.c,unknown,LOGICA,1753,"hw:recv,compat:ieee80211 (147 líneas)",REQUIERE_ADAPTACION,Archivo core con posible interacción con kernel
core/rtw_mlme_ext.c,unknown,LOGICA,1842,recv (2 líneas),REQUIERE_ADAPTACION,Archivo core con posible interacción con kernel
core/rtw_mlme_ext.c,unknown,LOGICA,1852,"hw:ps_,compat:ieee80211 (155 líneas)",REQUIERE_ADAPTACION,Archivo core con posible interacción con kernel
core/rtw_mlme_ext.c,unknown,LOGICA,1983,ps_ (23 líneas),REQUIERE_ADAPTACION,Archivo core con posible interacción con kernel
core/rtw_mlme_ext.c,unknown,LOGICA,2016,generic (9 líneas),REQUIERE_ADAPTACION,Archivo core con posible interacción con kernel
core/rtw_mlme_ext.c,unknown,LOGICA,2037,generic (8 líneas),REQUIERE_ADAPTACION,Archivo core con posible interacción con kernel
core/rtw_mlme_ext.c,unknown,LOGICA,2052,"hw:recv,compat:cfg80211 (91 líneas)",REQUIERE_ADAPTACION,Archivo core con posible interacción con kernel
core/rtw_mlme_ext.c,unknown,LOGICA,2108,"hw:xmit,compat:ieee80211 (111 líneas)",REQUIERE_ADAPTACION,Archivo core con posible interacción con kernel
core/rtw_mlme_ext.c,unknown,LOGICA,2207,"hw:recv,compat:cfg80211 (36 líneas)",REQUIERE_ADAPTACION,Archivo core con posible interacción con kernel
core/rtw_mlme_ext.c,unknown,LOGICA,2297,generic (20 líneas),REQUIERE_ADAPTACION,Archivo core con posible interacción con kernel
core/rtw_mlme_ext.c,unknown,LOGICA,2325,generic (14 líneas),REQUIERE_ADAPTACION,Archivo core con posible interacción con kernel
core/rtw_mlme_ext.c,unknown,LOGICA,2357,"hw:recv,compat:cfg80211 (63 líneas)",REQUIERE_ADAPTACION,Archivo core con posible interacción con kernel
core/rtw_mlme_ext.c,unknown,LOGICA,2408,generic (33 líneas),REQUIERE_ADAPTACION,Archivo core con posible interacción con kernel
core/rtw_mlme_ext.c,unknown,LOGICA,2452,recv (19 líneas),REQUIERE_ADAPTACION,Archivo core con posible interacción con kernel
core/rtw_mlme_ext.c,unknown,LOGICA,2475,"hw:xmit,compat:ieee80211 (111 líneas)",REQUIERE_ADAPTACION,Archivo core con posible interacción con kernel
core/rtw_mlme_ext.c,unknown,LOGICA,2566,"hw:ps_,compat:ieee80211 (335 líneas)",REQUIERE_ADAPTACION,Archivo core con posible interacción con kernel
core/rtw_mlme_ext.c,unknown,LOGICA,2982,"hw:xmit,compat:ieee80211 (18 líneas)",REQUIERE_ADAPTACION,Archivo core con posible interacción con kernel
core/rtw_mlme_ext.c,unknown,LOGICA,3052,generic (6 líneas),REQUIERE_ADAPTACION,Archivo core con posible interacción con kernel
core/rtw_mlme_ext.c,unknown,LOGICA,3071,recv (30 líneas),REQUIERE_ADAPTACION,Archivo core con posible interacción con kernel
core/rtw_mlme_ext.c,unknown,LOGICA,3084,recv (12 líneas),REQUIERE_ADAPTACION,Archivo core con posible interacción con kernel
core/rtw_mlme_ext.c,unknown,LOGICA,3103,ps_ (131 líneas),REQUIERE_ADAPTACION,Archivo core con posible interacción con kernel
core/rtw_mlme_ext.c,unknown,LOGICA,3192,generic (12 líneas),REQUIERE_ADAPTACION,Archivo core con posible interacción con kernel
core/rtw_mlme_ext.c,unknown,LOGICA,3215,suspend (48 líneas),REQUIERE_ADAPTACION,Archivo core con posible interacción con kernel
core/rtw_mlme_ext.c,unknown,LOGICA,3267,generic (41 líneas),REQUIERE_ADAPTACION,Archivo core con posible interacción con kernel
core/rtw_mlme_ext.c,unknown,LOGICA,3314,suspend (50 líneas),REQUIERE_ADAPTACION,Archivo core con posible interacción con kernel
core/rtw_mlme_ext.c,unknown,LOGICA,3368,generic (16 líneas),REQUIERE_ADAPTACION,Archivo core con posible interacción con kernel
core/rtw_mlme_ext.c,unknown,LOGICA,3384,"hw:recv,compat:ieee80211 (21 líneas)",REQUIERE_ADAPTACION,Archivo core con posible interacción con kernel
core/rtw_mlme_ext.c,unknown,LOGICA,3430,HAL_ (2 líneas),REQUIERE_ADAPTACION,Archivo core con posible interacción con kernel
core/rtw_mlme_ext.c,unknown,LOGICA,3439,generic (2 líneas),REQUIERE_ADAPTACION,Archivo core con posible interacción con kernel
core/rtw_mlme_ext.c,unknown,LOGICA,3457,generic (9 líneas),REQUIERE_ADAPTACION,Archivo core con posible interacción con kernel
core/rtw_mlme_ext.c,unknown,LOGICA,3476,generic (13 líneas),REQUIERE_ADAPTACION,Archivo core con posible interacción con kernel
core/rtw_mlme_ext.c,unknown,LOGICA,3499,"hw:recv,compat:cfg80211 (49 líneas)",REQUIERE_ADAPTACION,Archivo core con posible interacción con kernel
core/rtw_mlme_ext.c,unknown,LOGICA,3510,generic (5 líneas),REQUIERE_ADAPTACION,Archivo core con posible interacción con kernel
core/rtw_mlme_ext.c,unknown,LOGICA,3524,generic (6 líneas),REQUIERE_ADAPTACION,Archivo core con posible interacción con kernel
core/rtw_mlme_ext.c,unknown,LOGICA,3536,HAL_ (9 líneas),REQUIERE_ADAPTACION,Archivo core con posible interacción con kernel
core/rtw_mlme_ext.c,unknown,LOGICA,3580,generic (6 líneas),REQUIERE_ADAPTACION,Archivo core con posible interacción con kernel
core/rtw_mlme_ext.c,unknown,LOGICA,3615,generic (2 líneas),REQUIERE_ADAPTACION,Archivo core con posible interacción con kernel
core/rtw_mlme_ext.c,unknown,LOGICA,3623,generic (2 líneas),REQUIERE_ADAPTACION,Archivo core con posible interacción con kernel
core/rtw_mlme_ext.c,unknown,LOGICA,3651,generic (4 líneas),REQUIERE_ADAPTACION,Archivo core con posible interacción con kernel
core/rtw_mlme_ext.c,unknown,LOGICA,3705,generic (29 líneas),REQUIERE_ADAPTACION,Archivo core con posible interacción con kernel
core/rtw_mlme_ext.c,unknown,LOGICA,3738,generic (22 líneas),REQUIERE_ADAPTACION,Archivo core con posible interacción con kernel
core/rtw_mlme_ext.c,unknown,LOGICA,3778,recv (14 líneas),REQUIERE_ADAPTACION,Archivo core con posible interacción con kernel
core/rtw_mlme_ext.c,unknown,LOGICA,3798,"hw:xmit,compat:ieee80211 (217 líneas)",REQUIERE_ADAPTACION,Archivo core con posible interacción con kernel
core/rtw_mlme_ext.c,unknown,LOGICA,3973,xmit (12 líneas),REQUIERE_ADAPTACION,Archivo core con posible interacción con kernel
core/rtw_mlme_ext.c,unknown,LOGICA,4009,ps_ (486 líneas),REQUIERE_ADAPTACION,Archivo core con posible interacción con kernel
core/rtw_mlme_ext.c,unknown,LOGICA,4398,ps_ (11 líneas),REQUIERE_ADAPTACION,Archivo core con posible interacción con kernel
core/rtw_mlme_ext.c,unknown,LOGICA,4420,xmit (12 líneas),REQUIERE_ADAPTACION,Archivo core con posible interacción con kernel
core/rtw_mlme_ext.c,unknown,LOGICA,4459,ps_ (536 líneas),REQUIERE_ADAPTACION,Archivo core con posible interacción con kernel
core/rtw_mlme_ext.c,unknown,LOGICA,4881,xmit (8 líneas),REQUIERE_ADAPTACION,Archivo core con posible interacción con kernel
core/rtw_mlme_ext.c,unknown,LOGICA,4898,xmit (12 líneas),REQUIERE_ADAPTACION,Archivo core con posible interacción con kernel
core/rtw_mlme_ext.c,unknown,LOGICA,4936,generic (281 líneas),REQUIERE_ADAPTACION,Archivo core con posible interacción con kernel
core/rtw_mlme_ext.c,unknown,LOGICA,5148,xmit (17 líneas),REQUIERE_ADAPTACION,Archivo core con posible interacción con kernel
core/rtw_mlme_ext.c,unknown,LOGICA,5177,xmit (10 líneas),REQUIERE_ADAPTACION,Archivo core con posible interacción con kernel
core/rtw_mlme_ext.c,unknown,LOGICA,5212,ps_ (344 líneas),REQUIERE_ADAPTACION,Archivo core con posible interacción con kernel
core/rtw_mlme_ext.c,unknown,LOGICA,5491,xmit (17 líneas),REQUIERE_ADAPTACION,Archivo core con posible interacción con kernel
core/rtw_mlme_ext.c,unknown,LOGICA,5519,xmit (10 líneas),REQUIERE_ADAPTACION,Archivo core con posible interacción con kernel
core/rtw_mlme_ext.c,unknown,LOGICA,5554,generic (289 líneas),REQUIERE_ADAPTACION,Archivo core con posible interacción con kernel
core/rtw_mlme_ext.c,unknown,LOGICA,5772,xmit (6 líneas),REQUIERE_ADAPTACION,Archivo core con posible interacción con kernel
core/rtw_mlme_ext.c,unknown,LOGICA,5793,xmit (10 líneas),REQUIERE_ADAPTACION,Archivo core con posible interacción con kernel
core/rtw_mlme_ext.c,unknown,LOGICA,5829,ps_ (40 líneas),REQUIERE_ADAPTACION,Archivo core con posible interacción con kernel
core/rtw_mlme_ext.c,unknown,LOGICA,5885,generic (24 líneas),REQUIERE_ADAPTACION,Archivo core con posible interacción con kernel
core/rtw_mlme_ext.c,unknown,LOGICA,5913,"hw:xmit,compat:ieee80211 (5 líneas)",REQUIERE_ADAPTACION,Archivo core con posible interacción con kernel
core/rtw_mlme_ext.c,unknown,LOGICA,5928,"hw:ps_,compat:cfg80211 (297 líneas)",REQUIERE_ADAPTACION,Archivo core con posible interacción con kernel
core/rtw_mlme_ext.c,unknown,LOGICA,6227,xmit (11 líneas),REQUIERE_ADAPTACION,Archivo core con posible interacción con kernel
core/rtw_mlme_ext.c,unknown,LOGICA,6245,"hw:xmit,compat:ieee80211 (7 líneas)",REQUIERE_ADAPTACION,Archivo core con posible interacción con kernel
core/rtw_mlme_ext.c,unknown,LOGICA,6261,xmit (12 líneas),REQUIERE_ADAPTACION,Archivo core con posible interacción con kernel
core/rtw_mlme_ext.c,unknown,LOGICA,6285,generic (11 líneas),REQUIERE_ADAPTACION,Archivo core con posible interacción con kernel
core/rtw_mlme_ext.c,unknown,LOGICA,6302,"hw:ps_,compat:cfg80211 (308 líneas)",REQUIERE_ADAPTACION,Archivo core con posible interacción con kernel
core/rtw_mlme_ext.c,unknown,LOGICA,6554,rtl (10 líneas),REQUIERE_ADAPTACION,Archivo core con posible interacción con kernel
core/rtw_mlme_ext.c,unknown,LOGICA,6583,"hw:xmit,compat:ieee80211 (35 líneas)",REQUIERE_ADAPTACION,Archivo core con posible interacción con kernel
core/rtw_mlme_ext.c,unknown,LOGICA,6647,recv (2 líneas),REQUIERE_ADAPTACION,Archivo core con posible interacción con kernel
core/rtw_mlme_ext.c,unknown,LOGICA,6655,"hw:ps_,compat:cfg80211 (643 líneas)",REQUIERE_ADAPTACION,Archivo core con posible interacción con kernel
core/rtw_mlme_ext.c,unknown,LOGICA,7079,"hw:recv,compat:ieee80211 (12 líneas)",REQUIERE_ADAPTACION,Archivo core con posible interacción con kernel
core/rtw_mlme_ext.c,unknown,LOGICA,7102,"hw:recv,compat:cfg80211 (10 líneas)",REQUIERE_ADAPTACION,Archivo core con posible interacción con kernel
core/rtw_mlme_ext.c,unknown,MIXTO,7124,"compat:cfg80211,hw:recv (10 líneas)",REQUIERE_ADAPTACION,Archivo core con posible interacción con kernel
core/rtw_mlme_ext.c,unknown,LOGICA,7174,"hw:recv,compat:ieee80211 (87 líneas)",REQUIERE_ADAPTACION,Archivo core con posible interacción con kernel
core/rtw_mlme_ext.c,unknown,LOGICA,7195,recv (10 líneas),REQUIERE_ADAPTACION,Archivo core con posible interacción con kernel
core/rtw_mlme_ext.c,unknown,LOGICA,7224,"hw:recv,compat:ieee80211 (63 líneas)",REQUIERE_ADAPTACION,Archivo core con posible interacción con kernel
core/rtw_mlme_ext.c,unknown,MIXTO,7269,"compat:ieee80211,hw:recv (2 líneas)",REQUIERE_ADAPTACION,Archivo core con posible interacción con kernel
core/rtw_mlme_ext.c,unknown,LOGICA,7282,recv (19 líneas),REQUIERE_ADAPTACION,Archivo core con posible interacción con kernel
core/rtw_mlme_ext.c,unknown,LOGICA,7314,"hw:xmit,compat:cfg80211 (222 líneas)",REQUIERE_ADAPTACION,Archivo core con posible interacción con kernel
core/rtw_mlme_ext.c,unknown,LOGICA,7405,xmit (4 líneas),REQUIERE_ADAPTACION,Archivo core con posible interacción con kernel
core/rtw_mlme_ext.c,unknown,LOGICA,7420,xmit (7 líneas),REQUIERE_ADAPTACION,Archivo core con posible interacción con kernel
core/rtw_mlme_ext.c,unknown,LOGICA,7463,generic (2 líneas),REQUIERE_ADAPTACION,Archivo core con posible interacción con kernel
core/rtw_mlme_ext.c,unknown,LOGICA,7475,xmit (10 líneas),REQUIERE_ADAPTACION,Archivo core con posible interacción con kernel
core/rtw_mlme_ext.c,unknown,LOGICA,7500,rf_ (30 líneas),REQUIERE_ADAPTACION,Archivo core con posible interacción con kernel
core/rtw_mlme_ext.c,unknown,LOGICA,7540,"hw:ps_,compat:ieee80211 (53 líneas)",REQUIERE_ADAPTACION,Archivo core con posible interacción con kernel
core/rtw_mlme_ext.c,unknown,LOGICA,7570,generic (2 líneas),REQUIERE_ADAPTACION,Archivo core con posible interacción con kernel
core/rtw_mlme_ext.c,unknown,LOGICA,7584,xmit (24 líneas),REQUIERE_ADAPTACION,Archivo core con posible interacción con kernel
core/rtw_mlme_ext.c,unknown,LOGICA,7619,xmit (2 líneas),REQUIERE_ADAPTACION,Archivo core con posible interacción con kernel
core/rtw_mlme_ext.c,unknown,LOGICA,7641,xmit (2 líneas),REQUIERE_ADAPTACION,Archivo core con posible interacción con kernel
core/rtw_mlme_ext.c,unknown,LOGICA,7649,xmit (6 líneas),REQUIERE_ADAPTACION,Archivo core con posible interacción con kernel
core/rtw_mlme_ext.c,unknown,LOGICA,7666,xmit (9 líneas),REQUIERE_ADAPTACION,Archivo core con posible interacción con kernel
core/rtw_mlme_ext.c,unknown,LOGICA,7692,xmit (67 líneas),REQUIERE_ADAPTACION,Archivo core con posible interacción con kernel
core/rtw_mlme_ext.c,unknown,LOGICA,7758,"hw:ps_,compat:ieee80211 (79 líneas)",REQUIERE_ADAPTACION,Archivo core con posible interacción con kernel
core/rtw_mlme_ext.c,unknown,MIXTO,7836,"compat:cfg80211,hw:ps_ (6 líneas)",REQUIERE_ADAPTACION,Archivo core con posible interacción con kernel
core/rtw_mlme_ext.c,unknown,LOGICA,7848,"hw:ps_,compat:cfg80211 (118 líneas)",REQUIERE_ADAPTACION,Archivo core con posible interacción con kernel
core/rtw_mlme_ext.c,unknown,LOGICA,7968,xmit (84 líneas),REQUIERE_ADAPTACION,Archivo core con posible interacción con kernel
core/rtw_mlme_ext.c,unknown,LOGICA,8066,"hw:ps_,compat:ieee80211 (39 líneas)",REQUIERE_ADAPTACION,Archivo core con posible interacción con kernel
core/rtw_mlme_ext.c,unknown,LOGICA,8120,"hw:ps_,compat:ieee80211 (56 líneas)",REQUIERE_ADAPTACION,Archivo core con posible interacción con kernel
core/rtw_mlme_ext.c,unknown,LOGICA,8179,"hw:xmit,compat:cfg80211 (160 líneas)",REQUIERE_ADAPTACION,Archivo core con posible interacción con kernel
core/rtw_mlme_ext.c,unknown,LOGICA,8354,xmit (13 líneas),REQUIERE_ADAPTACION,Archivo core con posible interacción con kernel
core/rtw_mlme_ext.c,unknown,LOGICA,8376,"hw:ps_,compat:ieee80211 (86 líneas)",REQUIERE_ADAPTACION,Archivo core con posible interacción con kernel
core/rtw_mlme_ext.c,unknown,LOGICA,8452,generic (2 líneas),REQUIERE_ADAPTACION,Archivo core con posible interacción con kernel
core/rtw_mlme_ext.c,unknown,LOGICA,8462,xmit (31 líneas),REQUIERE_ADAPTACION,Archivo core con posible interacción con kernel
core/rtw_mlme_ext.c,unknown,LOGICA,8522,xmit (9 líneas),REQUIERE_ADAPTACION,Archivo core con posible interacción con kernel
core/rtw_mlme_ext.c,unknown,LOGICA,8663,"hw:xmit,compat:ieee80211 (19 líneas)",REQUIERE_ADAPTACION,Archivo core con posible interacción con kernel
core/rtw_mlme_ext.c,unknown,LOGICA,8702,generic (6 líneas),REQUIERE_ADAPTACION,Archivo core con posible interacción con kernel
core/rtw_mlme_ext.c,unknown,LOGICA,8718,"hw:ps_,compat:ieee80211 (153 líneas)",REQUIERE_ADAPTACION,Archivo core con posible interacción con kernel
core/rtw_mlme_ext.c,unknown,LOGICA,8869,"hw:xmit,compat:ieee80211 (56 líneas)",REQUIERE_ADAPTACION,Archivo core con posible interacción con kernel
core/rtw_mlme_ext.c,unknown,LOGICA,8916,xmit (22 líneas),REQUIERE_ADAPTACION,Archivo core con posible interacción con kernel
core/rtw_mlme_ext.c,unknown,LOGICA,8955,"hw:ps_,compat:cfg80211 (274 líneas)",REQUIERE_ADAPTACION,Archivo core con posible interacción con kernel
core/rtw_mlme_ext.c,unknown,LOGICA,9177,"hw:ps_,compat:cfg80211 (238 líneas)",REQUIERE_ADAPTACION,Archivo core con posible interacción con kernel
core/rtw_mlme_ext.c,unknown,LOGICA,9358,xmit (14 líneas),REQUIERE_ADAPTACION,Archivo core con posible interacción con kernel
core/rtw_mlme_ext.c,unknown,LOGICA,9431,generic (2 líneas),REQUIERE_ADAPTACION,Archivo core con posible interacción con kernel
core/rtw_mlme_ext.c,unknown,LOGICA,9443,xmit (66 líneas),REQUIERE_ADAPTACION,Archivo core con posible interacción con kernel
core/rtw_mlme_ext.c,unknown,LOGICA,9538,xmit (14 líneas),REQUIERE_ADAPTACION,Archivo core con posible interacción con kernel
core/rtw_mlme_ext.c,unknown,LOGICA,9621,xmit (29 líneas),REQUIERE_ADAPTACION,Archivo core con posible interacción con kernel
core/rtw_mlme_ext.c,unknown,LOGICA,9683,xmit (24 líneas),REQUIERE_ADAPTACION,Archivo core con posible interacción con kernel
core/rtw_mlme_ext.c,unknown,LOGICA,9734,generic (7 líneas),REQUIERE_ADAPTACION,Archivo core con posible interacción con kernel
core/rtw_mlme_ext.c,unknown,LOGICA,9768,"hw:xmit,compat:ieee80211 (46 líneas)",REQUIERE_ADAPTACION,Archivo core con posible interacción con kernel
core/rtw_mlme_ext.c,unknown,LOGICA,9870,HAL_ (2 líneas),REQUIERE_ADAPTACION,Archivo core con posible interacción con kernel
core/rtw_mlme_ext.c,unknown,LOGICA,9893,xmit (14 líneas),REQUIERE_ADAPTACION,Archivo core con posible interacción con kernel
core/rtw_mlme_ext.c,unknown,LOGICA,9919,generic (2 líneas),REQUIERE_ADAPTACION,Archivo core con posible interacción con kernel
core/rtw_mlme_ext.c,unknown,LOGICA,9982,xmit (2 líneas),REQUIERE_ADAPTACION,Archivo core con posible interacción con kernel
core/rtw_mlme_ext.c,unknown,LOGICA,10000,xmit (9 líneas),REQUIERE_ADAPTACION,Archivo core con posible interacción con kernel
core/rtw_mlme_ext.c,unknown,LOGICA,10037,"hw:xmit,compat:ieee80211 (152 líneas)",REQUIERE_ADAPTACION,Archivo core con posible interacción con kernel
core/rtw_mlme_ext.c,unknown,LOGICA,10141,generic (16 líneas),REQUIERE_ADAPTACION,Archivo core con posible interacción con kernel
core/rtw_mlme_ext.c,unknown,LOGICA,10163,generic (16 líneas),REQUIERE_ADAPTACION,Archivo core con posible interacción con kernel
core/rtw_mlme_ext.c,unknown,LOGICA,10188,generic (16 líneas),REQUIERE_ADAPTACION,Archivo core con posible interacción con kernel
core/rtw_mlme_ext.c,unknown,LOGICA,10214,xmit (10 líneas),REQUIERE_ADAPTACION,Archivo core con posible interacción con kernel
core/rtw_mlme_ext.c,unknown,LOGICA,10240,generic (16 líneas),REQUIERE_ADAPTACION,Archivo core con posible interacción con kernel
core/rtw_mlme_ext.c,unknown,LOGICA,10262,generic (18 líneas),REQUIERE_ADAPTACION,Archivo core con posible interacción con kernel
core/rtw_mlme_ext.c,unknown,LOGICA,10292,xmit (12 líneas),REQUIERE_ADAPTACION,Archivo core con posible interacción con kernel
core/rtw_mlme_ext.c,unknown,LOGICA,10324,xmit (19 líneas),REQUIERE_ADAPTACION,Archivo core con posible interacción con kernel
core/rtw_mlme_ext.c,unknown,LOGICA,10371,xmit (106 líneas),REQUIERE_ADAPTACION,Archivo core con posible interacción con kernel
core/rtw_mlme_ext.c,unknown,LOGICA,10484,ps_ (35 líneas),REQUIERE_ADAPTACION,Archivo core con posible interacción con kernel
core/rtw_mlme_ext.c,unknown,LOGICA,10540,generic (11 líneas),REQUIERE_ADAPTACION,Archivo core con posible interacción con kernel
core/rtw_mlme_ext.c,unknown,LOGICA,10565,xmit (34 líneas),REQUIERE_ADAPTACION,Archivo core con posible interacción con kernel
core/rtw_mlme_ext.c,unknown,LOGICA,10626,generic (2 líneas),REQUIERE_ADAPTACION,Archivo core con posible interacción con kernel
core/rtw_mlme_ext.c,unknown,LOGICA,10646,recv (4 líneas),REQUIERE_ADAPTACION,Archivo core con posible interacción con kernel
core/rtw_mlme_ext.c,unknown,LOGICA,10659,generic (2 líneas),REQUIERE_ADAPTACION,Archivo core con posible interacción con kernel
core/rtw_mlme_ext.c,unknown,LOGICA,10669,generic (4 líneas),REQUIERE_ADAPTACION,Archivo core con posible interacción con kernel
core/rtw_mlme_ext.c,unknown,LOGICA,10688,generic (12 líneas),REQUIERE_ADAPTACION,Archivo core con posible interacción con kernel
core/rtw_mlme_ext.c,unknown,LOGICA,10708,xmit (147 líneas),REQUIERE_ADAPTACION,Archivo core con posible interacción con kernel
core/rtw_mlme_ext.c,unknown,LOGICA,10792,"hw:recv,compat:ieee80211 (115 líneas)",REQUIERE_ADAPTACION,Archivo core con posible interacción con kernel
core/rtw_mlme_ext.c,unknown,LOGICA,10906,generic (65 líneas),REQUIERE_ADAPTACION,Archivo core con posible interacción con kernel
core/rtw_mlme_ext.c,unknown,LOGICA,10988,generic (46 líneas),REQUIERE_ADAPTACION,Archivo core con posible interacción con kernel
core/rtw_mlme_ext.c,unknown,LOGICA,11006,ps_ (74 líneas),REQUIERE_ADAPTACION,Archivo core con posible interacción con kernel
core/rtw_mlme_ext.c,unknown,LOGICA,11085,HAL_ (3 líneas),REQUIERE_ADAPTACION,Archivo core con posible interacción con kernel
core/rtw_mlme_ext.c,unknown,LOGICA,11094,HAL_ (70 líneas),REQUIERE_ADAPTACION,Archivo core con posible interacción con kernel
core/rtw_mlme_ext.c,unknown,LOGICA,11184,resume (46 líneas),REQUIERE_ADAPTACION,Archivo core con posible interacción con kernel
core/rtw_mlme_ext.c,unknown,LOGICA,11227,generic (10 líneas),REQUIERE_ADAPTACION,Archivo core con posible interacción con kernel
core/rtw_mlme_ext.c,unknown,LOGICA,11262,generic (2 líneas),REQUIERE_ADAPTACION,Archivo core con posible interacción con kernel
core/rtw_mlme_ext.c,unknown,LOGICA,11272,generic (11 líneas),REQUIERE_ADAPTACION,Archivo core con posible interacción con kernel
core/rtw_mlme_ext.c,unknown,LOGICA,11285,rtl (323 líneas),REQUIERE_ADAPTACION,Archivo core con posible interacción con kernel
core/rtw_mlme_ext.c,unknown,LOGICA,11599,recv (43 líneas),REQUIERE_ADAPTACION,Archivo core con posible interacción con kernel
core/rtw_mlme_ext.c,unknown,LOGICA,11662,generic (35 líneas),REQUIERE_ADAPTACION,Archivo core con posible interacción con kernel
core/rtw_mlme_ext.c,unknown,LOGICA,11709,generic (124 líneas),REQUIERE_ADAPTACION,Archivo core con posible interacción con kernel
core/rtw_mlme_ext.c,unknown,LOGICA,11858,generic (2 líneas),REQUIERE_ADAPTACION,Archivo core con posible interacción con kernel
core/rtw_mlme_ext.c,unknown,LOGICA,11870,generic (37 líneas),REQUIERE_ADAPTACION,Archivo core con posible interacción con kernel
core/rtw_mlme_ext.c,unknown,LOGICA,11937,generic (5 líneas),REQUIERE_ADAPTACION,Archivo core con posible interacción con kernel
core/rtw_mlme_ext.c,unknown,LOGICA,11958,generic (8 líneas),REQUIERE_ADAPTACION,Archivo core con posible interacción con kernel
core/rtw_mlme_ext.c,unknown,LOGICA,11969,generic (32 líneas),REQUIERE_ADAPTACION,Archivo core con posible interacción con kernel
core/rtw_mlme_ext.c,unknown,LOGICA,12020,generic (2 líneas),REQUIERE_ADAPTACION,Archivo core con posible interacción con kernel
core/rtw_mlme_ext.c,unknown,LOGICA,12100,ps_ (71 líneas),REQUIERE_ADAPTACION,Archivo core con posible interacción con kernel
core/rtw_mlme_ext.c,unknown,LOGICA,12169,"hw:ps_,compat:cfg80211 (84 líneas)",REQUIERE_ADAPTACION,Archivo core con posible interacción con kernel
core/rtw_mlme_ext.c,unknown,LOGICA,12261,ps_ (21 líneas),REQUIERE_ADAPTACION,Archivo core con posible interacción con kernel
core/rtw_mlme_ext.c,unknown,LOGICA,12282,odm_ (51 líneas),REQUIERE_ADAPTACION,Archivo core con posible interacción con kernel
core/rtw_mlme_ext.c,unknown,LOGICA,12352,odm_ (49 líneas),REQUIERE_ADAPTACION,Archivo core con posible interacción con kernel
core/rtw_mlme_ext.c,unknown,LOGICA,12418,xmit (95 líneas),REQUIERE_ADAPTACION,Archivo core con posible interacción con kernel
core/rtw_mlme_ext.c,unknown,LOGICA,12532,generic (2 líneas),REQUIERE_ADAPTACION,Archivo core con posible interacción con kernel
core/rtw_mlme_ext.c,unknown,LOGICA,12548,generic (2 líneas),REQUIERE_ADAPTACION,Archivo core con posible interacción con kernel
core/rtw_mlme_ext.c,unknown,LOGICA,12562,generic (29 líneas),REQUIERE_ADAPTACION,Archivo core con posible interacción con kernel
core/rtw_mlme_ext.c,unknown,LOGICA,12621,generic (8 líneas),REQUIERE_ADAPTACION,Archivo core con posible interacción con kernel
core/rtw_mlme_ext.c,unknown,LOGICA,12634,ps_ (103 líneas),REQUIERE_ADAPTACION,Archivo core con posible interacción con kernel
core/rtw_mlme_ext.c,unknown,LOGICA,12704,ps_ (109 líneas),REQUIERE_ADAPTACION,Archivo core con posible interacción con kernel
core/rtw_mlme_ext.c,unknown,LOGICA,12807,generic (2 líneas),REQUIERE_ADAPTACION,Archivo core con posible interacción con kernel
core/rtw_mlme_ext.c,unknown,LOGICA,12829,generic (12 líneas),REQUIERE_ADAPTACION,Archivo core con posible interacción con kernel
core/rtw_mlme_ext.c,unknown,LOGICA,12861,generic (2 líneas),REQUIERE_ADAPTACION,Archivo core con posible interacción con kernel
core/rtw_mlme_ext.c,unknown,LOGICA,12869,"hw:xmit,compat:cfg80211 (251 líneas)",REQUIERE_ADAPTACION,Archivo core con posible interacción con kernel
core/rtw_mlme_ext.c,unknown,LOGICA,12971,"hw:recv,compat:ieee80211 (151 líneas)",REQUIERE_ADAPTACION,Archivo core con posible interacción con kernel
core/rtw_mlme_ext.c,unknown,LOGICA,13144,xmit (30 líneas),REQUIERE_ADAPTACION,Archivo core con posible interacción con kernel
core/rtw_mlme_ext.c,unknown,LOGICA,13153,ps_ (81 líneas),REQUIERE_ADAPTACION,Archivo core con posible interacción con kernel
core/rtw_mlme_ext.c,unknown,LOGICA,13247,odm_ (14 líneas),REQUIERE_ADAPTACION,Archivo core con posible interacción con kernel
core/rtw_mlme_ext.c,unknown,LOGICA,13282,HAL_ (39 líneas),REQUIERE_ADAPTACION,Archivo core con posible interacción con kernel
core/rtw_mlme_ext.c,unknown,LOGICA,13341,resume (165 líneas),REQUIERE_ADAPTACION,Archivo core con posible interacción con kernel
core/rtw_mlme_ext.c,unknown,LOGICA,13533,generic (1 líneas),REQUIERE_ADAPTACION,Archivo core con posible interacción con kernel
core/rtw_mlme_ext.c,unknown,LOGICA,13577,generic (5 líneas),REQUIERE_ADAPTACION,Archivo core con posible interacción con kernel
core/rtw_mlme_ext.c,unknown,LOGICA,13588,generic (23 líneas),REQUIERE_ADAPTACION,Archivo core con posible interacción con kernel
core/rtw_mlme_ext.c,unknown,LOGICA,13658,"hw:rf_,compat:ieee80211 (130 líneas)",REQUIERE_ADAPTACION,Archivo core con posible interacción con kernel
core/rtw_mlme_ext.c,unknown,LOGICA,13727,generic (9 líneas),REQUIERE_ADAPTACION,Archivo core con posible interacción con kernel
core/rtw_mlme_ext.c,unknown,LOGICA,13736,generic (26 líneas),REQUIERE_ADAPTACION,Archivo core con posible interacción con kernel
core/rtw_mlme_ext.c,unknown,LOGICA,13770,rf_ (7 líneas),REQUIERE_ADAPTACION,Archivo core con posible interacción con kernel
core/rtw_mlme_ext.c,unknown,LOGICA,13792,generic (6 líneas),REQUIERE_ADAPTACION,Archivo core con posible interacción con kernel
core/rtw_mlme_ext.c,unknown,LOGICA,13805,"hw:HAL_,compat:ieee80211 (83 líneas)",REQUIERE_ADAPTACION,Archivo core con posible interacción con kernel
core/rtw_mlme_ext.c,unknown,LOGICA,13876,generic (9 líneas),REQUIERE_ADAPTACION,Archivo core con posible interacción con kernel
core/rtw_mlme_ext.c,unknown,LOGICA,13906,"hw:odm_,compat:cfg80211 (47 líneas)",REQUIERE_ADAPTACION,Archivo core con posible interacción con kernel
core/rtw_mlme_ext.c,unknown,LOGICA,13960,generic (17 líneas),REQUIERE_ADAPTACION,Archivo core con posible interacción con kernel
core/rtw_mlme_ext.c,unknown,LOGICA,13970,HAL_ (19 líneas),REQUIERE_ADAPTACION,Archivo core con posible interacción con kernel
core/rtw_mlme_ext.c,unknown,LOGICA,13992,"hw:ps_,compat:cfg80211 (219 líneas)",REQUIERE_ADAPTACION,Archivo core con posible interacción con kernel
core/rtw_mlme_ext.c,unknown,LOGICA,14117,generic (2 líneas),REQUIERE_ADAPTACION,Archivo core con posible interacción con kernel
core/rtw_mlme_ext.c,unknown,LOGICA,14126,ps_ (29 líneas),REQUIERE_ADAPTACION,Archivo core con posible interacción con kernel
core/rtw_mlme_ext.c,unknown,LOGICA,14157,resume (163 líneas),REQUIERE_ADAPTACION,Archivo core con posible interacción con kernel
core/rtw_mlme_ext.c,unknown,LOGICA,14320,ps_ (7 líneas),REQUIERE_ADAPTACION,Archivo core con posible interacción con kernel
core/rtw_mlme_ext.c,unknown,LOGICA,14344,ps_ (16 líneas),REQUIERE_ADAPTACION,Archivo core con posible interacción con kernel
core/rtw_mlme_ext.c,unknown,LOGICA,14373,generic (4 líneas),REQUIERE_ADAPTACION,Archivo core con posible interacción con kernel
core/rtw_mlme_ext.c,unknown,LOGICA,14383,HAL_ (4 líneas),REQUIERE_ADAPTACION,Archivo core con posible interacción con kernel
core/rtw_mlme_ext.c,unknown,LOGICA,14397,ps_ (58 líneas),REQUIERE_ADAPTACION,Archivo core con posible interacción con kernel
core/rtw_mlme_ext.c,unknown,LOGICA,14452,generic (31 líneas),REQUIERE_ADAPTACION,Archivo core con posible interacción con kernel
core/rtw_mlme_ext.c,unknown,LOGICA,14469,ps_ (42 líneas),REQUIERE_ADAPTACION,Archivo core con posible interacción con kernel
core/rtw_mlme_ext.c,unknown,LOGICA,14502,HAL_ (85 líneas),REQUIERE_ADAPTACION,Archivo core con posible interacción con kernel
core/rtw_mlme_ext.c,unknown,LOGICA,14550,ps_ (20 líneas),REQUIERE_ADAPTACION,Archivo core con posible interacción con kernel
core/rtw_mlme_ext.c,unknown,LOGICA,14579,generic (26 líneas),REQUIERE_ADAPTACION,Archivo core con posible interacción con kernel
core/rtw_mlme_ext.c,unknown,LOGICA,14607,recv (39 líneas),REQUIERE_ADAPTACION,Archivo core con posible interacción con kernel
core/rtw_mlme_ext.c,unknown,LOGICA,14660,recv (19 líneas),REQUIERE_ADAPTACION,Archivo core con posible interacción con kernel
core/rtw_mlme_ext.c,unknown,LOGICA,14687,generic (68 líneas),REQUIERE_ADAPTACION,Archivo core con posible interacción con kernel
core/rtw_mlme_ext.c,unknown,LOGICA,14761,rtl (68 líneas),REQUIERE_ADAPTACION,Archivo core con posible interacción con kernel
core/rtw_mlme_ext.c,unknown,LOGICA,14840,xmit (16 líneas),REQUIERE_ADAPTACION,Archivo core con posible interacción con kernel
core/rtw_mlme_ext.c,unknown,LOGICA,14869,xmit (16 líneas),REQUIERE_ADAPTACION,Archivo core con posible interacción con kernel
core/rtw_mlme_ext.c,unknown,LOGICA,14905,generic (18 líneas),REQUIERE_ADAPTACION,Archivo core con posible interacción con kernel
core/rtw_mlme_ext.c,unknown,LOGICA,14923,"hw:rf_,compat:ieee80211 (79 líneas)",REQUIERE_ADAPTACION,Archivo core con posible interacción con kernel
core/rtw_mlme_ext.c,unknown,LOGICA,15005,HAL_ (20 líneas),REQUIERE_ADAPTACION,Archivo core con posible interacción con kernel
core/rtw_mlme_ext.c,unknown,LOGICA,15028,generic (26 líneas),REQUIERE_ADAPTACION,Archivo core con posible interacción con kernel
core/rtw_mlme_ext.c,unknown,LOGICA,15071,generic (29 líneas),REQUIERE_ADAPTACION,Archivo core con posible interacción con kernel
core/rtw_mlme_ext.c,unknown,LOGICA,15112,"hw:odm_,compat:cfg80211 (530 líneas)",REQUIERE_ADAPTACION,Archivo core con posible interacción con kernel
core/rtw_mlme_ext.c,unknown,LOGICA,15505,HAL_ (4 líneas),REQUIERE_ADAPTACION,Archivo core con posible interacción con kernel
core/rtw_mlme_ext.c,unknown,LOGICA,15526,odm_ (49 líneas),REQUIERE_ADAPTACION,Archivo core con posible interacción con kernel
core/rtw_mlme_ext.c,unknown,LOGICA,15590,HAL_ (16 líneas),REQUIERE_ADAPTACION,Archivo core con posible interacción con kernel
core/rtw_mlme_ext.c,unknown,LOGICA,15627,generic (2 líneas),REQUIERE_ADAPTACION,Archivo core con posible interacción con kernel
core/rtw_mlme_ext.c,unknown,LOGICA,15636,HAL_ (21 líneas),REQUIERE_ADAPTACION,Archivo core con posible interacción con kernel
core/rtw_mlme_ext.c,unknown,LOGICA,15669,generic (2 líneas),REQUIERE_ADAPTACION,Archivo core con posible interacción con kernel
core/rtw_mlme_ext.c,unknown,LOGICA,15681,HAL_ (6 líneas),REQUIERE_ADAPTACION,Archivo core con posible interacción con kernel
core/rtw_mlme_ext.c,unknown,LOGICA,15695,HAL_ (40 líneas),REQUIERE_ADAPTACION,Archivo core con posible interacción con kernel
core/rtw_mlme_ext.c,unknown,LOGICA,15731,generic (2 líneas),REQUIERE_ADAPTACION,Archivo core con posible interacción con kernel
core/rtw_mp.c,unknown,LOGICA,1,generic (4 líneas),VIABLE,Archivo core - lógica del driver portable
core/rtw_mp.c,unknown,LOGICA,11,rtl (13 líneas),VIABLE,Archivo core - lógica del driver portable
core/rtw_mp.c,unknown,LOGICA,35,generic (64 líneas),VIABLE,Archivo core - lógica del driver portable
core/rtw_mp.c,unknown,LOGICA,138,generic (2 líneas),VIABLE,Archivo core - lógica del driver portable
core/rtw_mp.c,unknown,LOGICA,153,xmit (111 líneas),VIABLE,Archivo core - lógica del driver portable
core/rtw_mp.c,unknown,LOGICA,278,xmit (39 líneas),VIABLE,Archivo core - lógica del driver portable
core/rtw_mp.c,unknown,LOGICA,324,xmit (52 líneas),VIABLE,Archivo core - lógica del driver portable
core/rtw_mp.c,unknown,LOGICA,372,odm_ (360 líneas),VIABLE,Archivo core - lógica del driver portable
core/rtw_mp.c,unknown,LOGICA,556,odm_ (44 líneas),VIABLE,Archivo core - lógica del driver portable
core/rtw_mp.c,unknown,LOGICA,611,rtl (41 líneas),VIABLE,Archivo core - lógica del driver portable
core/rtw_mp.c,unknown,LOGICA,671,odm_ (114 líneas),VIABLE,Archivo core - lógica del driver portable
core/rtw_mp.c,unknown,LOGICA,781,HAL_ (66 líneas),VIABLE,Archivo core - lógica del driver portable
core/rtw_mp.c,unknown,LOGICA,843,HAL_ (197 líneas),VIABLE,Archivo core - lógica del driver portable
core/rtw_mp.c,unknown,LOGICA,989,generic (3 líneas),VIABLE,Archivo core - lógica del driver portable
core/rtw_mp.c,unknown,LOGICA,1000,HAL_ (4 líneas),VIABLE,Archivo core - lógica del driver portable
core/rtw_mp.c,unknown,LOGICA,1011,generic (2 líneas),VIABLE,Archivo core - lógica del driver portable
core/rtw_mp.c,unknown,LOGICA,1023,HAL_ (3 líneas),VIABLE,Archivo core - lógica del driver portable
core/rtw_mp.c,unknown,LOGICA,1034,HAL_ (6 líneas),VIABLE,Archivo core - lógica del driver portable
core/rtw_mp.c,unknown,LOGICA,1075,generic (14 líneas),VIABLE,Archivo core - lógica del driver portable
core/rtw_mp.c,unknown,LOGICA,1093,_PHY_ (14 líneas),VIABLE,Archivo core - lógica del driver portable
core/rtw_mp.c,unknown,LOGICA,1115,HAL_ (5 líneas),VIABLE,Archivo core - lógica del driver portable
core/rtw_mp.c,unknown,LOGICA,1139,HAL_ (12 líneas),VIABLE,Archivo core - lógica del driver portable
core/rtw_mp.c,unknown,LOGICA,1161,xmit (25 líneas),VIABLE,Archivo core - lógica del driver portable
core/rtw_mp.c,unknown,LOGICA,1195,xmit (9 líneas),VIABLE,Archivo core - lógica del driver portable
core/rtw_mp.c,unknown,LOGICA,1218,xmit (42 líneas),VIABLE,Archivo core - lógica del driver portable
core/rtw_mp.c,unknown,LOGICA,1230,xmit (21 líneas),VIABLE,Archivo core - lógica del driver portable
core/rtw_mp.c,unknown,LOGICA,1267,rtl (9 líneas),VIABLE,Archivo core - lógica del driver portable
core/rtw_mp.c,unknown,LOGICA,1289,rtl (41 líneas),VIABLE,Archivo core - lógica del driver portable
core/rtw_mp.c,unknown,LOGICA,1340,generic (14 líneas),VIABLE,Archivo core - lógica del driver portable
core/rtw_mp.c,unknown,LOGICA,1359,generic (29 líneas),VIABLE,Archivo core - lógica del driver portable
core/rtw_mp.c,unknown,LOGICA,1401,generic (10 líneas),VIABLE,Archivo core - lógica del driver portable
core/rtw_mp.c,unknown,LOGICA,1421,generic (22 líneas),VIABLE,Archivo core - lógica del driver portable
core/rtw_mp.c,unknown,LOGICA,1452,rtl (54 líneas),VIABLE,Archivo core - lógica del driver portable
core/rtw_mp.c,unknown,LOGICA,1531,generic (3 líneas),VIABLE,Archivo core - lógica del driver portable
core/rtw_mp.c,unknown,LOGICA,1543,rtl (2 líneas),VIABLE,Archivo core - lógica del driver portable
core/rtw_mp.c,unknown,LOGICA,1595,generic (2 líneas),VIABLE,Archivo core - lógica del driver portable
core/rtw_mp.c,unknown,LOGICA,1605,"hw:odm_,compat:ieee80211 (149 líneas)",VIABLE,Archivo core - lógica del driver portable
core/rtw_mp.c,unknown,LOGICA,1631,xmit (23 líneas),VIABLE,Archivo core - lógica del driver portable
core/rtw_mp.c,unknown,LOGICA,1663,xmit (2 líneas),VIABLE,Archivo core - lógica del driver portable
core/rtw_mp.c,unknown,LOGICA,1673,"hw:xmit,compat:ieee80211 (165 líneas)",VIABLE,Archivo core - lógica del driver portable
core/rtw_mp.c,unknown,LOGICA,1783,HAL_ (21 líneas),VIABLE,Archivo core - lógica del driver portable
core/rtw_mp.c,unknown,LOGICA,1808,rtl (5 líneas),VIABLE,Archivo core - lógica del driver portable
core/rtw_mp.c,unknown,LOGICA,1823,generic (8 líneas),VIABLE,Archivo core - lógica del driver portable
core/rtw_mp.c,unknown,LOGICA,1865,HAL_ (179 líneas),VIABLE,Archivo core - lógica del driver portable
core/rtw_mp.c,unknown,LOGICA,1893,rtl (4 líneas),VIABLE,Archivo core - lógica del driver portable
core/rtw_mp.c,unknown,LOGICA,1908,xmit (157 líneas),VIABLE,Archivo core - lógica del driver portable
core/rtw_mp.c,unknown,LOGICA,2015,xmit (10 líneas),VIABLE,Archivo core - lógica del driver portable
core/rtw_mp.c,unknown,LOGICA,2036,xmit (8 líneas),VIABLE,Archivo core - lógica del driver portable
core/rtw_mp.c,unknown,LOGICA,2050,odm_ (1172 líneas),VIABLE,Archivo core - lógica del driver portable
core/rtw_mp.c,unknown,LOGICA,2754,generic (6 líneas),VIABLE,Archivo core - lógica del driver portable
core/rtw_mp.c,unknown,LOGICA,2783,generic (2 líneas),VIABLE,Archivo core - lógica del driver portable
core/rtw_mp.c,unknown,LOGICA,2795,generic (6 líneas),VIABLE,Archivo core - lógica del driver portable
core/rtw_mp.c,unknown,LOGICA,2825,generic (12 líneas),VIABLE,Archivo core - lógica del driver portable
core/rtw_mp.c,unknown,LOGICA,2874,generic (4 líneas),VIABLE,Archivo core - lógica del driver portable
core/rtw_mp.c,unknown,LOGICA,2887,dm_ (14 líneas),VIABLE,Archivo core - lógica del driver portable
core/rtw_mp.c,unknown,LOGICA,2923,generic (4 líneas),VIABLE,Archivo core - lógica del driver portable
core/rtw_mp.c,unknown,LOGICA,2937,generic (14 líneas),VIABLE,Archivo core - lógica del driver portable
core/rtw_mp.c,unknown,LOGICA,2953,generic (12 líneas),VIABLE,Archivo core - lógica del driver portable
core/rtw_mp.c,unknown,LOGICA,2981,generic (22 líneas),VIABLE,Archivo core - lógica del driver portable
core/rtw_mp.c,unknown,LOGICA,3021,generic (12 líneas),VIABLE,Archivo core - lógica del driver portable
core/rtw_mp.c,unknown,LOGICA,3040,generic (2 líneas),VIABLE,Archivo core - lógica del driver portable
core/rtw_mp.c,unknown,LOGICA,3055,generic (88 líneas),VIABLE,Archivo core - lógica del driver portable
core/rtw_mp.c,unknown,LOGICA,3157,dm_ (8 líneas),VIABLE,Archivo core - lógica del driver portable
core/rtw_mp.c,unknown,LOGICA,3188,dm_ (86 líneas),VIABLE,Archivo core - lógica del driver portable
core/rtw_mp.c,unknown,LOGICA,3251,generic (8 líneas),VIABLE,Archivo core - lógica del driver portable
core/rtw_mp.c,unknown,LOGICA,3268,generic (6 líneas),VIABLE,Archivo core - lógica del driver portable
core/rtw_mp.c,unknown,LOGICA,3281,generic (4 líneas),VIABLE,Archivo core - lógica del driver portable
core/rtw_mp.c,unknown,LOGICA,3292,generic (4 líneas),VIABLE,Archivo core - lógica del driver portable
core/rtw_mp.c,unknown,LOGICA,3321,generic (4 líneas),VIABLE,Archivo core - lógica del driver portable
core/rtw_mp.c,unknown,LOGICA,3350,generic (2 líneas),VIABLE,Archivo core - lógica del driver portable
core/rtw_mp.c,unknown,LOGICA,3358,ps_ (10 líneas),VIABLE,Archivo core - lógica del driver portable
core/rtw_mp.c,unknown,LOGICA,3379,generic (2 líneas),VIABLE,Archivo core - lógica del driver portable
core/rtw_mp.c,unknown,LOGICA,3388,generic (2 líneas),VIABLE,Archivo core - lógica del driver portable
core/rtw_mp.c,unknown,LOGICA,3396,generic (2 líneas),VIABLE,Archivo core - lógica del driver portable
core/rtw_mp.c,unknown,LOGICA,3414,generic (4 líneas),VIABLE,Archivo core - lógica del driver portable
core/rtw_mp.c,unknown,LOGICA,3439,generic (22 líneas),VIABLE,Archivo core - lógica del driver portable
core/rtw_mp.c,unknown,LOGICA,3478,generic (6 líneas),VIABLE,Archivo core - lógica del driver portable
core/rtw_mp.c,unknown,LOGICA,3494,generic (6 líneas),VIABLE,Archivo core - lógica del driver portable
core/rtw_mp.c,unknown,LOGICA,3507,generic (1 líneas),VIABLE,Archivo core - lógica del driver portable
core/rtw_odm.c,unknown,LOGICA,1,generic (2 líneas),VIABLE,Archivo core - lógica del driver portable
core/rtw_odm.c,unknown,LOGICA,11,_PHY_ (271 líneas),VIABLE,Archivo core - lógica del driver portable
core/rtw_odm.c,unknown,LOGICA,269,odm_ (3 líneas),VIABLE,Archivo core - lógica del driver portable
core/rtw_odm.c,unknown,LOGICA,287,_PHY_ (472 líneas),VIABLE,Archivo core - lógica del driver portable
core/rtw_p2p.c,unknown,LOGICA,1,generic (4 líneas),VIABLE,Archivo core - lógica del driver portable
core/rtw_p2p.c,unknown,LOGICA,11,generic (19 líneas),VIABLE,Archivo core - lógica del driver portable
core/rtw_p2p.c,unknown,LOGICA,47,generic (10 líneas),VIABLE,Archivo core - lógica del driver portable
core/rtw_p2p.c,unknown,LOGICA,70,generic (24 líneas),VIABLE,Archivo core - lógica del driver portable
core/rtw_p2p.c,unknown,LOGICA,105,ps_ (13 líneas),VIABLE,Archivo core - lógica del driver portable
core/rtw_p2p.c,unknown,LOGICA,123,generic (20 líneas),VIABLE,Archivo core - lógica del driver portable
core/rtw_p2p.c,unknown,LOGICA,159,xmit (15 líneas),VIABLE,Archivo core - lógica del driver portable
core/rtw_p2p.c,unknown,LOGICA,210,xmit (2 líneas),VIABLE,Archivo core - lógica del driver portable
core/rtw_p2p.c,unknown,LOGICA,218,xmit (15 líneas),VIABLE,Archivo core - lógica del driver portable
core/rtw_p2p.c,unknown,LOGICA,283,xmit (8 líneas),VIABLE,Archivo core - lógica del driver portable
core/rtw_p2p.c,unknown,LOGICA,304,xmit (8 líneas),VIABLE,Archivo core - lógica del driver portable
core/rtw_p2p.c,unknown,LOGICA,338,ps_ (38 líneas),VIABLE,Archivo core - lógica del driver portable
core/rtw_p2p.c,unknown,LOGICA,402,xmit (17 líneas),VIABLE,Archivo core - lógica del driver portable
core/rtw_p2p.c,unknown,LOGICA,479,HAL_ (228 líneas),VIABLE,Archivo core - lógica del driver portable
core/rtw_p2p.c,unknown,LOGICA,661,HAL_ (145 líneas),VIABLE,Archivo core - lógica del driver portable
core/rtw_p2p.c,unknown,LOGICA,780,HAL_ (275 líneas),VIABLE,Archivo core - lógica del driver portable
core/rtw_p2p.c,unknown,LOGICA,978,generic (8 líneas),VIABLE,Archivo core - lógica del driver portable
core/rtw_p2p.c,unknown,LOGICA,997,generic (110 líneas),VIABLE,Archivo core - lógica del driver portable
core/rtw_p2p.c,unknown,LOGICA,1088,HAL_ (120 líneas),VIABLE,Archivo core - lógica del driver portable
core/rtw_p2p.c,unknown,LOGICA,1191,HAL_ (120 líneas),VIABLE,Archivo core - lógica del driver portable
core/rtw_p2p.c,unknown,LOGICA,1294,HAL_ (120 líneas),VIABLE,Archivo core - lógica del driver portable
core/rtw_p2p.c,unknown,LOGICA,1398,HAL_ (120 líneas),VIABLE,Archivo core - lógica del driver portable
core/rtw_p2p.c,unknown,LOGICA,1502,HAL_ (137 líneas),VIABLE,Archivo core - lógica del driver portable
core/rtw_p2p.c,unknown,LOGICA,1620,HAL_ (137 líneas),VIABLE,Archivo core - lógica del driver portable
core/rtw_p2p.c,unknown,LOGICA,1738,HAL_ (120 líneas),VIABLE,Archivo core - lógica del driver portable
core/rtw_p2p.c,unknown,LOGICA,1842,HAL_ (120 líneas),VIABLE,Archivo core - lógica del driver portable
core/rtw_p2p.c,unknown,LOGICA,1946,ps_ (627 líneas),VIABLE,Archivo core - lógica del driver portable
core/rtw_p2p.c,unknown,LOGICA,2515,ps_ (26 líneas),VIABLE,Archivo core - lógica del driver portable
core/rtw_p2p.c,unknown,LOGICA,2550,generic (6 líneas),VIABLE,Archivo core - lógica del driver portable
core/rtw_p2p.c,unknown,LOGICA,2653,"hw:ps_,compat:ieee80211 (63 líneas)",VIABLE,Archivo core - lógica del driver portable
core/rtw_p2p.c,unknown,LOGICA,2713,generic (9 líneas),VIABLE,Archivo core - lógica del driver portable
core/rtw_p2p.c,unknown,LOGICA,2730,rf_ (29 líneas),VIABLE,Archivo core - lógica del driver portable
core/rtw_p2p.c,unknown,LOGICA,2766,ps_ (4 líneas),VIABLE,Archivo core - lógica del driver portable
core/rtw_p2p.c,unknown,LOGICA,2780,ps_ (69 líneas),VIABLE,Archivo core - lógica del driver portable
core/rtw_p2p.c,unknown,LOGICA,2848,generic (124 líneas),VIABLE,Archivo core - lógica del driver portable
core/rtw_p2p.c,unknown,LOGICA,2974,ps_ (4 líneas),VIABLE,Archivo core - lógica del driver portable
core/rtw_p2p.c,unknown,LOGICA,2984,"hw:ps_,compat:cfg80211 (845 líneas)",VIABLE,Archivo core - lógica del driver portable
core/rtw_p2p.c,unknown,LOGICA,3893,generic (4 líneas),VIABLE,Archivo core - lógica del driver portable
core/rtw_p2p.c,unknown,LOGICA,3948,generic (5 líneas),VIABLE,Archivo core - lógica del driver portable
core/rtw_p2p.c,unknown,LOGICA,3958,"hw:xmit,compat:ieee80211 (4 líneas)",VIABLE,Archivo core - lógica del driver portable
core/rtw_p2p.c,unknown,LOGICA,3975,generic (4 líneas),VIABLE,Archivo core - lógica del driver portable
core/rtw_p2p.c,unknown,LOGICA,4009,"hw:xmit,compat:cfg80211 (7 líneas)",VIABLE,Archivo core - lógica del driver portable
core/rtw_p2p.c,unknown,LOGICA,4035,generic (6 líneas),VIABLE,Archivo core - lógica del driver portable
core/rtw_p2p.c,unknown,LOGICA,4053,generic (35 líneas),VIABLE,Archivo core - lógica del driver portable
core/rtw_p2p.c,unknown,LOGICA,4088,generic (8 líneas),VIABLE,Archivo core - lógica del driver portable
core/rtw_p2p.c,unknown,LOGICA,4102,generic (2 líneas),VIABLE,Archivo core - lógica del driver portable
core/rtw_p2p.c,unknown,LOGICA,4111,"hw:ps_,compat:cfg80211 (824 líneas)",VIABLE,Archivo core - lógica del driver portable
core/rtw_p2p.c,unknown,LOGICA,4674,ps_ (182 líneas),VIABLE,Archivo core - lógica del driver portable
core/rtw_p2p.c,unknown,LOGICA,4812,"hw:ps_,compat:cfg80211 (124 líneas)",VIABLE,Archivo core - lógica del driver portable
core/rtw_p2p.c,unknown,LOGICA,4982,generic (10 líneas),VIABLE,Archivo core - lógica del driver portable
core/rtw_p2p.c,unknown,LOGICA,5179,"hw:ps_,compat:cfg80211 (141 líneas)",VIABLE,Archivo core - lógica del driver portable
core/rtw_p2p.c,unknown,LOGICA,5330,"hw:ps_,compat:cfg80211 (48 líneas)",VIABLE,Archivo core - lógica del driver portable
core/rtw_p2p.c,unknown,LOGICA,5386,generic (2 líneas),VIABLE,Archivo core - lógica del driver portable
core/rtw_p2p.c,unknown,LOGICA,5407,generic (2 líneas),VIABLE,Archivo core - lógica del driver portable
core/rtw_p2p.c,unknown,LOGICA,5463,"hw:suspend,compat:cfg80211 (179 líneas)",VIABLE,Archivo core - lógica del driver portable
core/rtw_pwrctrl.c,unknown,LOGICA,1,generic (4 líneas),VIABLE,Archivo core - lógica del driver portable
core/rtw_pwrctrl.c,unknown,LOGICA,11,ps_ (124 líneas),VIABLE,Archivo core - lógica del driver portable
core/rtw_pwrctrl.c,unknown,LOGICA,140,"hw:suspend,compat:cfg80211 (114 líneas)",VIABLE,Archivo core - lógica del driver portable
core/rtw_pwrctrl.c,unknown,LOGICA,257,xmit (14 líneas),VIABLE,Archivo core - lógica del driver portable
core/rtw_pwrctrl.c,unknown,LOGICA,282,suspend (93 líneas),VIABLE,Archivo core - lógica del driver portable
core/rtw_pwrctrl.c,unknown,LOGICA,377,suspend (46 líneas),VIABLE,Archivo core - lógica del driver portable
core/rtw_pwrctrl.c,unknown,LOGICA,428,ps_ (201 líneas),VIABLE,Archivo core - lógica del driver portable
core/rtw_pwrctrl.c,unknown,LOGICA,509,"hw:suspend,compat:cfg80211 (196 líneas)",VIABLE,Archivo core - lógica del driver portable
core/rtw_pwrctrl.c,unknown,LOGICA,720,ps_ (448 líneas),VIABLE,Archivo core - lógica del driver portable
core/rtw_pwrctrl.c,unknown,LOGICA,1029,ps_ (2 líneas),VIABLE,Archivo core - lógica del driver portable
core/rtw_pwrctrl.c,unknown,LOGICA,1039,ps_ (222 líneas),VIABLE,Archivo core - lógica del driver portable
core/rtw_pwrctrl.c,unknown,LOGICA,1237,suspend (185 líneas),VIABLE,Archivo core - lógica del driver portable
core/rtw_pwrctrl.c,unknown,LOGICA,1409,generic (3 líneas),VIABLE,Archivo core - lógica del driver portable
core/rtw_pwrctrl.c,unknown,LOGICA,1420,ps_ (23 líneas),VIABLE,Archivo core - lógica del driver portable
core/rtw_pwrctrl.c,unknown,LOGICA,1465,ps_ (9 líneas),VIABLE,Archivo core - lógica del driver portable
core/rtw_pwrctrl.c,unknown,LOGICA,1480,ps_ (10 líneas),VIABLE,Archivo core - lógica del driver portable
core/rtw_pwrctrl.c,unknown,LOGICA,1503,ps_ (53 líneas),VIABLE,Archivo core - lógica del driver portable
core/rtw_pwrctrl.c,unknown,LOGICA,1532,ps_ (38 líneas),VIABLE,Archivo core - lógica del driver portable
core/rtw_pwrctrl.c,unknown,LOGICA,1560,ps_ (5 líneas),VIABLE,Archivo core - lógica del driver portable
core/rtw_pwrctrl.c,unknown,LOGICA,1584,ps_ (15 líneas),VIABLE,Archivo core - lógica del driver portable
core/rtw_pwrctrl.c,unknown,LOGICA,1617,generic (2 líneas),VIABLE,Archivo core - lógica del driver portable
core/rtw_pwrctrl.c,unknown,LOGICA,1628,generic (1 líneas),VIABLE,Archivo core - lógica del driver portable
core/rtw_pwrctrl.c,unknown,LOGICA,1638,ps_ (9 líneas),VIABLE,Archivo core - lógica del driver portable
core/rtw_pwrctrl.c,unknown,LOGICA,1656,ps_ (8 líneas),VIABLE,Archivo core - lógica del driver portable
core/rtw_pwrctrl.c,unknown,LOGICA,1683,ps_ (4 líneas),VIABLE,Archivo core - lógica del driver portable
core/rtw_pwrctrl.c,unknown,LOGICA,1699,ps_ (11 líneas),VIABLE,Archivo core - lógica del driver portable
core/rtw_pwrctrl.c,unknown,LOGICA,1721,xmit (7 líneas),VIABLE,Archivo core - lógica del driver portable
core/rtw_pwrctrl.c,unknown,LOGICA,1743,generic (1 líneas),VIABLE,Archivo core - lógica del driver portable
core/rtw_pwrctrl.c,unknown,LOGICA,1753,ps_ (9 líneas),VIABLE,Archivo core - lógica del driver portable
core/rtw_pwrctrl.c,unknown,LOGICA,1771,ps_ (8 líneas),VIABLE,Archivo core - lógica del driver portable
core/rtw_pwrctrl.c,unknown,LOGICA,1802,generic (1 líneas),VIABLE,Archivo core - lógica del driver portable
core/rtw_pwrctrl.c,unknown,LOGICA,1812,ps_ (9 líneas),VIABLE,Archivo core - lógica del driver portable
core/rtw_pwrctrl.c,unknown,LOGICA,1830,ps_ (6 líneas),VIABLE,Archivo core - lógica del driver portable
core/rtw_pwrctrl.c,unknown,LOGICA,1855,recv (5 líneas),VIABLE,Archivo core - lógica del driver portable
core/rtw_pwrctrl.c,unknown,LOGICA,1886,rtl (5 líneas),VIABLE,Archivo core - lógica del driver portable
core/rtw_pwrctrl.c,unknown,LOGICA,1914,ps_ (8 líneas),VIABLE,Archivo core - lógica del driver portable
core/rtw_pwrctrl.c,unknown,LOGICA,1932,ps_ (30 líneas),VIABLE,Archivo core - lógica del driver portable
core/rtw_pwrctrl.c,unknown,LOGICA,1968,generic (1 líneas),VIABLE,Archivo core - lógica del driver portable
core/rtw_pwrctrl.c,unknown,LOGICA,1980,ps_ (8 líneas),VIABLE,Archivo core - lógica del driver portable
core/rtw_pwrctrl.c,unknown,LOGICA,1999,ps_ (29 líneas),VIABLE,Archivo core - lógica del driver portable
core/rtw_pwrctrl.c,unknown,LOGICA,2035,generic (1 líneas),VIABLE,Archivo core - lógica del driver portable
core/rtw_pwrctrl.c,unknown,LOGICA,2045,generic (1 líneas),VIABLE,Archivo core - lógica del driver portable
core/rtw_pwrctrl.c,unknown,LOGICA,2053,suspend (79 líneas),VIABLE,Archivo core - lógica del driver portable
core/rtw_pwrctrl.c,unknown,LOGICA,2146,suspend (118 líneas),VIABLE,Archivo core - lógica del driver portable
core/rtw_pwrctrl.c,unknown,LOGICA,2214,resume (31 líneas),VIABLE,Archivo core - lógica del driver portable
core/rtw_pwrctrl.c,unknown,LOGICA,2241,suspend (12 líneas),VIABLE,Archivo core - lógica del driver portable
core/rtw_pwrctrl.c,unknown,LOGICA,2260,resume (4 líneas),VIABLE,Archivo core - lógica del driver portable
core/rtw_pwrctrl.c,unknown,LOGICA,2271,suspend (16 líneas),VIABLE,Archivo core - lógica del driver portable
core/rtw_pwrctrl.c,unknown,LOGICA,2306,suspend (2 líneas),VIABLE,Archivo core - lógica del driver portable
core/rtw_pwrctrl.c,unknown,LOGICA,2315,suspend (6 líneas),VIABLE,Archivo core - lógica del driver portable
core/rtw_pwrctrl.c,unknown,LOGICA,2327,suspend (18 líneas),VIABLE,Archivo core - lógica del driver portable
core/rtw_pwrctrl.c,unknown,LOGICA,2368,suspend (28 líneas),VIABLE,Archivo core - lógica del driver portable
core/rtw_pwrctrl.c,unknown,LOGICA,2432,generic (4 líneas),VIABLE,Archivo core - lógica del driver portable
core/rtw_pwrctrl.c,unknown,LOGICA,2442,suspend (241 líneas),VIABLE,Archivo core - lógica del driver portable
core/rtw_pwrctrl.c,unknown,LOGICA,2634,ps_ (17 líneas),VIABLE,Archivo core - lógica del driver portable
core/rtw_pwrctrl.c,unknown,LOGICA,2664,ps_ (15 líneas),VIABLE,Archivo core - lógica del driver portable
core/rtw_pwrctrl.c,unknown,LOGICA,2697,ps_ (34 líneas),VIABLE,Archivo core - lógica del driver portable
core/rtw_recv.c,unknown,LOGICA,1,generic (4 líneas),VIABLE,Archivo core - lógica del driver portable
core/rtw_recv.c,unknown,LOGICA,11,recv (44 líneas),VIABLE,Archivo core - lógica del driver portable
core/rtw_recv.c,unknown,LOGICA,73,recv (12 líneas),VIABLE,Archivo core - lógica del driver portable
core/rtw_recv.c,unknown,LOGICA,103,recv (21 líneas),VIABLE,Archivo core - lógica del driver portable
core/rtw_recv.c,unknown,LOGICA,143,hal_init (9 líneas),VIABLE,Archivo core - lógica del driver portable
core/rtw_recv.c,unknown,LOGICA,163,recv (3 líneas),VIABLE,Archivo core - lógica del driver portable
core/rtw_recv.c,unknown,LOGICA,175,recv (5 líneas),VIABLE,Archivo core - lógica del driver portable
core/rtw_recv.c,unknown,LOGICA,190,recv (4 líneas),VIABLE,Archivo core - lógica del driver portable
core/rtw_recv.c,unknown,LOGICA,213,recv (10 líneas),VIABLE,Archivo core - lógica del driver portable
core/rtw_recv.c,unknown,LOGICA,235,recv (13 líneas),VIABLE,Archivo core - lógica del driver portable
core/rtw_recv.c,unknown,LOGICA,268,recv (17 líneas),VIABLE,Archivo core - lógica del driver portable
core/rtw_recv.c,unknown,LOGICA,297,recv (10 líneas),VIABLE,Archivo core - lógica del driver portable
core/rtw_recv.c,unknown,LOGICA,319,recv (5 líneas),VIABLE,Archivo core - lógica del driver portable
core/rtw_recv.c,unknown,LOGICA,335,recv (1 líneas),VIABLE,Archivo core - lógica del driver portable
core/rtw_recv.c,unknown,LOGICA,344,recv (6 líneas),VIABLE,Archivo core - lógica del driver portable
core/rtw_recv.c,unknown,LOGICA,374,recv (9 líneas),VIABLE,Archivo core - lógica del driver portable
core/rtw_recv.c,unknown,LOGICA,404,recv (4 líneas),VIABLE,Archivo core - lógica del driver portable
core/rtw_recv.c,unknown,LOGICA,432,recv (25 líneas),VIABLE,Archivo core - lógica del driver portable
core/rtw_recv.c,unknown,LOGICA,476,recv (153 líneas),VIABLE,Archivo core - lógica del driver portable
core/rtw_recv.c,unknown,LOGICA,629,recv (97 líneas),VIABLE,Archivo core - lógica del driver portable
core/rtw_recv.c,unknown,LOGICA,702,recv (98 líneas),VIABLE,Archivo core - lógica del driver portable
core/rtw_recv.c,unknown,LOGICA,788,recv (5 líneas),VIABLE,Archivo core - lógica del driver portable
core/rtw_recv.c,unknown,LOGICA,807,ps_ (346 líneas),VIABLE,Archivo core - lógica del driver portable
core/rtw_recv.c,unknown,LOGICA,1034,recv (66 líneas),VIABLE,Archivo core - lógica del driver portable
core/rtw_recv.c,unknown,LOGICA,1096,ps_ (757 líneas),VIABLE,Archivo core - lógica del driver portable
core/rtw_recv.c,unknown,LOGICA,1682,ps_ (96 líneas),VIABLE,Archivo core - lógica del driver portable
core/rtw_recv.c,unknown,LOGICA,1772,"hw:xmit,compat:ieee80211 (866 líneas)",VIABLE,Archivo core - lógica del driver portable
core/rtw_recv.c,unknown,LOGICA,2281,recv (36 líneas),VIABLE,Archivo core - lógica del driver portable
core/rtw_recv.c,unknown,LOGICA,2334,"hw:recv,compat:ieee80211 (447 líneas)",VIABLE,Archivo core - lógica del driver portable
core/rtw_recv.c,unknown,LOGICA,2738,recv (74 líneas),VIABLE,Archivo core - lógica del driver portable
core/rtw_recv.c,unknown,LOGICA,2821,recv (73 líneas),VIABLE,Archivo core - lógica del driver portable
core/rtw_recv.c,unknown,LOGICA,2887,recv (3 líneas),VIABLE,Archivo core - lógica del driver portable
core/rtw_recv.c,unknown,LOGICA,2897,"hw:xmit,compat:ieee80211 (456 líneas)",VIABLE,Archivo core - lógica del driver portable
core/rtw_recv.c,unknown,LOGICA,3072,"hw:xmit,compat:ieee80211 (209 líneas)",VIABLE,Archivo core - lógica del driver portable
core/rtw_recv.c,unknown,LOGICA,3170,recv (126 líneas),VIABLE,Archivo core - lógica del driver portable
core/rtw_recv.c,unknown,LOGICA,3317,recv (232 líneas),VIABLE,Archivo core - lógica del driver portable
core/rtw_recv.c,unknown,LOGICA,3545,recv (44 líneas),VIABLE,Archivo core - lógica del driver portable
core/rtw_recv.c,unknown,LOGICA,3591,recv (2 líneas),VIABLE,Archivo core - lógica del driver portable
core/rtw_recv.c,unknown,LOGICA,3601,"hw:recv,compat:ieee80211 (305 líneas)",VIABLE,Archivo core - lógica del driver portable
core/rtw_recv.c,unknown,LOGICA,3874,"hw:recv,compat:ieee80211 (459 líneas)",VIABLE,Archivo core - lógica del driver portable
core/rtw_recv.c,unknown,LOGICA,4312,recv (25 líneas),VIABLE,Archivo core - lógica del driver portable
core/rtw_recv.c,unknown,LOGICA,4345,recv (25 líneas),VIABLE,Archivo core - lógica del driver portable
core/rtw_recv.c,unknown,LOGICA,4376,recv (53 líneas),VIABLE,Archivo core - lógica del driver portable
core/rtw_recv.c,unknown,LOGICA,4450,recv (162 líneas),VIABLE,Archivo core - lógica del driver portable
core/rtw_recv.c,unknown,LOGICA,4604,recv (10 líneas),VIABLE,Archivo core - lógica del driver portable
core/rtw_recv.c,unknown,LOGICA,4635,recv (9 líneas),VIABLE,Archivo core - lógica del driver portable
core/rtw_recv.c,unknown,LOGICA,4654,recv (43 líneas),VIABLE,Archivo core - lógica del driver portable
core/rtw_recv.c,unknown,LOGICA,4721,_PHY_ (301 líneas),VIABLE,Archivo core - lógica del driver portable
core/rtw_recv.c,unknown,LOGICA,4974,generic (6 líneas),VIABLE,Archivo core - lógica del driver portable
core/rtw_recv.c,unknown,LOGICA,4988,_PHY_ (224 líneas),VIABLE,Archivo core - lógica del driver portable
core/rtw_rf.c,unknown,LOGICA,1,generic (4 líneas),VIABLE,Archivo core - lógica del driver portable
core/rtw_rf.c,unknown,LOGICA,11,HAL_ (558 líneas),VIABLE,Archivo core - lógica del driver portable
core/rtw_rf.c,unknown,LOGICA,87,generic (3 líneas),VIABLE,Archivo core - lógica del driver portable
core/rtw_rf.c,unknown,LOGICA,116,generic (1 líneas),VIABLE,Archivo core - lógica del driver portable
core/rtw_rf.c,unknown,LOGICA,132,generic (5 líneas),VIABLE,Archivo core - lógica del driver portable
core/rtw_rf.c,unknown,LOGICA,141,generic (3 líneas),VIABLE,Archivo core - lógica del driver portable
core/rtw_rf.c,unknown,LOGICA,156,generic (13 líneas),VIABLE,Archivo core - lógica del driver portable
core/rtw_rf.c,unknown,LOGICA,185,"hw:HAL_,compat:ieee80211 (1575 líneas)",VIABLE,Archivo core - lógica del driver portable
core/rtw_rf.c,unknown,LOGICA,624,HAL_ (3 líneas),VIABLE,Archivo core - lógica del driver portable
core/rtw_rf.c,unknown,LOGICA,640,bb_ (8 líneas),VIABLE,Archivo core - lógica del driver portable
core/rtw_rf.c,unknown,LOGICA,651,HAL_ (93 líneas),VIABLE,Archivo core - lógica del driver portable
core/rtw_rf.c,unknown,LOGICA,736,generic (3 líneas),VIABLE,Archivo core - lógica del driver portable
core/rtw_security.c,unknown,LOGICA,1,generic (4 líneas),VIABLE,Archivo core - lógica del driver portable
core/rtw_security.c,unknown,LOGICA,11,generic (8 líneas),VIABLE,Archivo core - lógica del driver portable
core/rtw_security.c,unknown,LOGICA,99,generic (12 líneas),VIABLE,Archivo core - lógica del driver portable
core/rtw_security.c,unknown,LOGICA,128,generic (3 líneas),VIABLE,Archivo core - lógica del driver portable
core/rtw_security.c,unknown,LOGICA,138,generic (6 líneas),VIABLE,Archivo core - lógica del driver portable
core/rtw_security.c,unknown,LOGICA,156,generic (33 líneas),VIABLE,Archivo core - lógica del driver portable
core/rtw_security.c,unknown,LOGICA,208,generic (17 líneas),VIABLE,Archivo core - lógica del driver portable
core/rtw_security.c,unknown,LOGICA,236,xmit (286 líneas),VIABLE,Archivo core - lógica del driver portable
core/rtw_security.c,unknown,LOGICA,506,generic (169 líneas),VIABLE,Archivo core - lógica del driver portable
core/rtw_security.c,unknown,LOGICA,629,generic (32 líneas),VIABLE,Archivo core - lógica del driver portable
core/rtw_security.c,unknown,LOGICA,678,xmit (43 líneas),VIABLE,Archivo core - lógica del driver portable
core/rtw_security.c,unknown,LOGICA,734,xmit (195 líneas),VIABLE,Archivo core - lógica del driver portable
core/rtw_security.c,unknown,LOGICA,901,generic (2 líneas),VIABLE,Archivo core - lógica del driver portable
core/rtw_security.c,unknown,LOGICA,912,recv (134 líneas),VIABLE,Archivo core - lógica del driver portable
core/rtw_security.c,unknown,LOGICA,1479,generic (9 líneas),VIABLE,Archivo core - lógica del driver portable
core/rtw_security.c,unknown,LOGICA,1495,"hw:xmit,compat:ieee80211 (519 líneas)",VIABLE,Archivo core - lógica del driver portable
core/rtw_security.c,unknown,LOGICA,1795,generic (9 líneas),VIABLE,Archivo core - lógica del driver portable
core/rtw_security.c,unknown,LOGICA,1817,"hw:recv,compat:ieee80211 (470 líneas)",VIABLE,Archivo core - lógica del driver portable
core/rtw_security.c,unknown,LOGICA,2106,generic (2 líneas),VIABLE,Archivo core - lógica del driver portable
core/rtw_security.c,unknown,LOGICA,2118,"hw:recv,compat:ieee80211 (1012 líneas)",VIABLE,Archivo core - lógica del driver portable
core/rtw_security.c,unknown,LOGICA,3054,generic (10 líneas),VIABLE,Archivo core - lógica del driver portable
core/rtw_security.c,unknown,LOGICA,3094,generic (5 líneas),VIABLE,Archivo core - lógica del driver portable
core/rtw_security.c,unknown,LOGICA,3113,generic (8 líneas),VIABLE,Archivo core - lógica del driver portable
core/rtw_security.c,unknown,LOGICA,3144,generic (5 líneas),VIABLE,Archivo core - lógica del driver portable
core/rtw_security.c,unknown,LOGICA,3160,generic (7 líneas),VIABLE,Archivo core - lógica del driver portable
core/rtw_security.c,unknown,LOGICA,3183,rtl (85 líneas),VIABLE,Archivo core - lógica del driver portable
core/rtw_security.c,unknown,LOGICA,3305,generic (2 líneas),VIABLE,Archivo core - lógica del driver portable
core/rtw_security.c,unknown,LOGICA,3335,generic (2 líneas),VIABLE,Archivo core - lógica del driver portable
core/rtw_security.c,unknown,LOGICA,3344,"hw:xmit,compat:ieee80211 (309 líneas)",VIABLE,Archivo core - lógica del driver portable
core/rtw_sreset.c,unknown,LOGICA,1,ps_ (689 líneas),VIABLE,Archivo core - lógica del driver portable
core/rtw_sta_mgt.c,unknown,LOGICA,1,generic (4 líneas),VIABLE,Archivo core - lógica del driver portable
core/rtw_sta_mgt.c,unknown,LOGICA,11,generic (16 líneas),VIABLE,Archivo core - lógica del driver portable
core/rtw_sta_mgt.c,unknown,LOGICA,133,generic (40 líneas),VIABLE,Archivo core - lógica del driver portable
core/rtw_sta_mgt.c,unknown,LOGICA,147,generic (2 líneas),VIABLE,Archivo core - lógica del driver portable
core/rtw_sta_mgt.c,unknown,LOGICA,156,generic (2 líneas),VIABLE,Archivo core - lógica del driver portable
core/rtw_sta_mgt.c,unknown,LOGICA,165,xmit (78 líneas),VIABLE,Archivo core - lógica del driver portable
core/rtw_sta_mgt.c,unknown,LOGICA,263,generic (16 líneas),VIABLE,Archivo core - lógica del driver portable
core/rtw_sta_mgt.c,unknown,LOGICA,273,ps_ (61 líneas),VIABLE,Archivo core - lógica del driver portable
core/rtw_sta_mgt.c,unknown,LOGICA,309,generic (2 líneas),VIABLE,Archivo core - lógica del driver portable
core/rtw_sta_mgt.c,unknown,LOGICA,317,xmit (1 líneas),VIABLE,Archivo core - lógica del driver portable
core/rtw_sta_mgt.c,unknown,LOGICA,325,xmit (35 líneas),VIABLE,Archivo core - lógica del driver portable
core/rtw_sta_mgt.c,unknown,LOGICA,402,recv (73 líneas),VIABLE,Archivo core - lógica del driver portable
core/rtw_sta_mgt.c,unknown,LOGICA,465,"hw:xmit,compat:ieee80211 (220 líneas)",VIABLE,Archivo core - lógica del driver portable
core/rtw_sta_mgt.c,unknown,LOGICA,684,recv (68 líneas),VIABLE,Archivo core - lógica del driver portable
core/rtw_sta_mgt.c,unknown,LOGICA,760,generic (53 líneas),VIABLE,Archivo core - lógica del driver portable
core/rtw_sta_mgt.c,unknown,LOGICA,806,generic (45 líneas),VIABLE,Archivo core - lógica del driver portable
core/rtw_sta_mgt.c,unknown,LOGICA,866,xmit (455 líneas),VIABLE,Archivo core - lógica del driver portable
core/rtw_tdls.c,unknown,LOGICA,1,"hw:ps_,compat:ieee80211 (6792 líneas)",VIABLE,Archivo core - lógica del driver portable
core/rtw_vht.c,unknown,LOGICA,1,generic (4 líneas),VIABLE,Archivo core - lógica del driver portable
core/rtw_vht.c,unknown,LOGICA,11,HAL_ (173 líneas),VIABLE,Archivo core - lógica del driver portable
core/rtw_vht.c,unknown,LOGICA,73,HAL_ (363 líneas),VIABLE,Archivo core - lógica del driver portable
core/rtw_vht.c,unknown,LOGICA,373,ps_ (237 líneas),VIABLE,Archivo core - lógica del driver portable
core/rtw_vht.c,unknown,LOGICA,515,HAL_ (12 líneas),VIABLE,Archivo core - lógica del driver portable
core/rtw_vht.c,unknown,LOGICA,536,rf_ (39 líneas),VIABLE,Archivo core - lógica del driver portable
core/rtw_vht.c,unknown,LOGICA,578,HAL_ (17 líneas),VIABLE,Archivo core - lógica del driver portable
core/rtw_vht.c,unknown,LOGICA,608,recv (109 líneas),VIABLE,Archivo core - lógica del driver portable
core/rtw_vht.c,unknown,LOGICA,703,HAL_ (8 líneas),VIABLE,Archivo core - lógica del driver portable
core/rtw_vht.c,unknown,LOGICA,716,HAL_ (134 líneas),VIABLE,Archivo core - lógica del driver portable
core/rtw_vht.c,unknown,LOGICA,782,generic (4 líneas),VIABLE,Archivo core - lógica del driver portable
core/rtw_vht.c,unknown,LOGICA,793,HAL_ (73 líneas),VIABLE,Archivo core - lógica del driver portable
core/rtw_wapi.c,unknown,LOGICA,1,recv (2646 líneas),VIABLE,Archivo core - lógica del driver portable
core/rtw_wapi_sms4.c,unknown,LOGICA,1,"hw:xmit,compat:ieee80211 (1845 líneas)",VIABLE,Archivo core - lógica del driver portable
core/rtw_wlan_util.c,unknown,LOGICA,1,generic (4 líneas),VIABLE,Archivo core - lógica del driver portable
core/rtw_wlan_util.c,unknown,LOGICA,11,HAL_ (15 líneas),VIABLE,Archivo core - lógica del driver portable
core/rtw_wlan_util.c,unknown,LOGICA,47,"hw:_PHY_,compat:ieee80211 (87 líneas)",VIABLE,Archivo core - lógica del driver portable
core/rtw_wlan_util.c,unknown,LOGICA,91,HAL_ (240 líneas),VIABLE,Archivo core - lógica del driver portable
core/rtw_wlan_util.c,unknown,LOGICA,322,generic (23 líneas),VIABLE,Archivo core - lógica del driver portable
core/rtw_wlan_util.c,unknown,LOGICA,362,"hw:dm_,compat:ieee80211 (97 líneas)",VIABLE,Archivo core - lógica del driver portable
core/rtw_wlan_util.c,unknown,LOGICA,424,generic (12 líneas),VIABLE,Archivo core - lógica del driver portable
core/rtw_wlan_util.c,unknown,LOGICA,488,generic (8 líneas),VIABLE,Archivo core - lógica del driver portable
core/rtw_wlan_util.c,unknown,MIXTO,500,"compat:ieee80211,hw:dm_ (30 líneas)",VIABLE,Archivo core - lógica del driver portable
core/rtw_wlan_util.c,unknown,LOGICA,532,"hw:HAL_,compat:ieee80211 (39 líneas)",VIABLE,Archivo core - lógica del driver portable
core/rtw_wlan_util.c,unknown,LOGICA,585,generic (18 líneas),VIABLE,Archivo core - lógica del driver portable
core/rtw_wlan_util.c,unknown,LOGICA,633,HAL_ (89 líneas),VIABLE,Archivo core - lógica del driver portable
core/rtw_wlan_util.c,unknown,LOGICA,731,odm_ (189 líneas),VIABLE,Archivo core - lógica del driver portable
core/rtw_wlan_util.c,unknown,LOGICA,921,generic (2 líneas),VIABLE,Archivo core - lógica del driver portable
core/rtw_wlan_util.c,unknown,LOGICA,930,generic (18 líneas),VIABLE,Archivo core - lógica del driver portable
core/rtw_wlan_util.c,unknown,LOGICA,969,generic (2 líneas),VIABLE,Archivo core - lógica del driver portable
core/rtw_wlan_util.c,unknown,LOGICA,983,HAL_ (54 líneas),VIABLE,Archivo core - lógica del driver portable
core/rtw_wlan_util.c,unknown,LOGICA,1056,generic (1 líneas),VIABLE,Archivo core - lógica del driver portable
core/rtw_wlan_util.c,unknown,LOGICA,1085,generic (43 líneas),VIABLE,Archivo core - lógica del driver portable
core/rtw_wlan_util.c,unknown,LOGICA,1188,generic (16 líneas),VIABLE,Archivo core - lógica del driver portable
core/rtw_wlan_util.c,unknown,LOGICA,1251,generic (6 líneas),VIABLE,Archivo core - lógica del driver portable
core/rtw_wlan_util.c,unknown,LOGICA,1295,generic (8 líneas),VIABLE,Archivo core - lógica del driver portable
core/rtw_wlan_util.c,unknown,LOGICA,1314,generic (2 líneas),VIABLE,Archivo core - lógica del driver portable
core/rtw_wlan_util.c,unknown,LOGICA,1323,generic (4 líneas),VIABLE,Archivo core - lógica del driver portable
core/rtw_wlan_util.c,unknown,LOGICA,1347,generic (20 líneas),VIABLE,Archivo core - lógica del driver portable
core/rtw_wlan_util.c,unknown,LOGICA,1361,generic (4 líneas),VIABLE,Archivo core - lógica del driver portable
core/rtw_wlan_util.c,unknown,LOGICA,1382,generic (6 líneas),VIABLE,Archivo core - lógica del driver portable
core/rtw_wlan_util.c,unknown,LOGICA,1400,generic (2 líneas),VIABLE,Archivo core - lógica del driver portable
core/rtw_wlan_util.c,unknown,LOGICA,1416,generic (4 líneas),VIABLE,Archivo core - lógica del driver portable
core/rtw_wlan_util.c,unknown,LOGICA,1440,generic (160 líneas),VIABLE,Archivo core - lógica del driver portable
core/rtw_wlan_util.c,unknown,LOGICA,1534,generic (14 líneas),VIABLE,Archivo core - lógica del driver portable
core/rtw_wlan_util.c,unknown,LOGICA,1548,HAL_ (180 líneas),VIABLE,Archivo core - lógica del driver portable
core/rtw_wlan_util.c,unknown,LOGICA,1615,HAL_ (4 líneas),VIABLE,Archivo core - lógica del driver portable
core/rtw_wlan_util.c,unknown,LOGICA,1641,xmit (56 líneas),VIABLE,Archivo core - lógica del driver portable
core/rtw_wlan_util.c,unknown,LOGICA,1696,ps_ (13 líneas),VIABLE,Archivo core - lógica del driver portable
core/rtw_wlan_util.c,unknown,LOGICA,1733,HAL_ (9 líneas),VIABLE,Archivo core - lógica del driver portable
core/rtw_wlan_util.c,unknown,LOGICA,1752,xmit (87 líneas),VIABLE,Archivo core - lógica del driver portable
core/rtw_wlan_util.c,unknown,LOGICA,1826,ps_ (12 líneas),VIABLE,Archivo core - lógica del driver portable
core/rtw_wlan_util.c,unknown,LOGICA,1838,HAL_ (16 líneas),VIABLE,Archivo core - lógica del driver portable
core/rtw_wlan_util.c,unknown,LOGICA,1868,ps_ (358 líneas),VIABLE,Archivo core - lógica del driver portable
core/rtw_wlan_util.c,unknown,LOGICA,2120,generic (14 líneas),VIABLE,Archivo core - lógica del driver portable
core/rtw_wlan_util.c,unknown,LOGICA,2141,ps_ (98 líneas),VIABLE,Archivo core - lógica del driver portable
core/rtw_wlan_util.c,unknown,LOGICA,2228,rtl (65 líneas),VIABLE,Archivo core - lógica del driver portable
core/rtw_wlan_util.c,unknown,LOGICA,2288,"hw:recv,compat:ieee80211 (251 líneas)",VIABLE,Archivo core - lógica del driver portable
core/rtw_wlan_util.c,unknown,LOGICA,2320,"hw:xmit,compat:ieee80211 (780 líneas)",VIABLE,Archivo core - lógica del driver portable
core/rtw_wlan_util.c,unknown,LOGICA,2832,generic (92 líneas),VIABLE,Archivo core - lógica del driver portable
core/rtw_wlan_util.c,unknown,LOGICA,2921,generic (32 líneas),VIABLE,Archivo core - lógica del driver portable
core/rtw_wlan_util.c,unknown,LOGICA,2961,generic (108 líneas),VIABLE,Archivo core - lógica del driver portable
core/rtw_wlan_util.c,unknown,LOGICA,3035,ps_ (39 líneas),VIABLE,Archivo core - lógica del driver portable
core/rtw_wlan_util.c,unknown,LOGICA,3092,"hw:ps_,compat:ieee80211 (63 líneas)",VIABLE,Archivo core - lógica del driver portable
core/rtw_wlan_util.c,unknown,LOGICA,3174,HAL_ (294 líneas),VIABLE,Archivo core - lógica del driver portable
core/rtw_wlan_util.c,unknown,LOGICA,3341,"hw:ps_,compat:cfg80211 (67 líneas)",VIABLE,Archivo core - lógica del driver portable
core/rtw_wlan_util.c,unknown,LOGICA,3419,generic (24 líneas),VIABLE,Archivo core - lógica del driver portable
core/rtw_wlan_util.c,unknown,LOGICA,3456,"hw:dm_,compat:ieee80211 (57 líneas)",VIABLE,Archivo core - lógica del driver portable
core/rtw_wlan_util.c,unknown,LOGICA,3485,generic (2 líneas),VIABLE,Archivo core - lógica del driver portable
core/rtw_wlan_util.c,unknown,LOGICA,3494,generic (8 líneas),VIABLE,Archivo core - lógica del driver portable
core/rtw_wlan_util.c,unknown,LOGICA,3508,generic (9 líneas),VIABLE,Archivo core - lógica del driver portable
core/rtw_wlan_util.c,unknown,LOGICA,3523,"hw:recv,compat:ieee80211 (181 líneas)",VIABLE,Archivo core - lógica del driver portable
core/rtw_wlan_util.c,unknown,LOGICA,3693,generic (6 líneas),VIABLE,Archivo core - lógica del driver portable
core/rtw_wlan_util.c,unknown,LOGICA,3713,generic (6 líneas),VIABLE,Archivo core - lógica del driver portable
core/rtw_wlan_util.c,unknown,LOGICA,3737,generic (128 líneas),VIABLE,Archivo core - lógica del driver portable
core/rtw_wlan_util.c,unknown,LOGICA,3811,generic (12 líneas),VIABLE,Archivo core - lógica del driver portable
core/rtw_wlan_util.c,unknown,LOGICA,3826,generic (15 líneas),VIABLE,Archivo core - lógica del driver portable
core/rtw_wlan_util.c,unknown,LOGICA,3847,generic (89 líneas),VIABLE,Archivo core - lógica del driver portable
core/rtw_wlan_util.c,unknown,LOGICA,3903,generic (2 líneas),VIABLE,Archivo core - lógica del driver portable
core/rtw_wlan_util.c,unknown,LOGICA,3911,generic (132 líneas),VIABLE,Archivo core - lógica del driver portable
core/rtw_wlan_util.c,unknown,LOGICA,3935,"hw:xmit,compat:ieee80211 (170 líneas)",VIABLE,Archivo core - lógica del driver portable
core/rtw_wlan_util.c,unknown,LOGICA,4041,generic (6 líneas),VIABLE,Archivo core - lógica del driver portable
core/rtw_wlan_util.c,unknown,LOGICA,4054,HAL_ (412 líneas),VIABLE,Archivo core - lógica del driver portable
core/rtw_wlan_util.c,unknown,LOGICA,4300,rtl (113 líneas),VIABLE,Archivo core - lógica del driver portable
core/rtw_wlan_util.c,unknown,LOGICA,4406,generic (9 líneas),VIABLE,Archivo core - lógica del driver portable
core/rtw_wlan_util.c,unknown,LOGICA,4422,generic (2 líneas),VIABLE,Archivo core - lógica del driver portable
core/rtw_wlan_util.c,unknown,LOGICA,4433,generic (26 líneas),VIABLE,Archivo core - lógica del driver portable
core/rtw_wlan_util.c,unknown,LOGICA,4475,generic (3 líneas),VIABLE,Archivo core - lógica del driver portable
core/rtw_wlan_util.c,unknown,LOGICA,4483,generic (2 líneas),VIABLE,Archivo core - lógica del driver portable
core/rtw_wlan_util.c,unknown,LOGICA,4493,generic (21 líneas),VIABLE,Archivo core - lógica del driver portable
core/rtw_wlan_util.c,unknown,LOGICA,4521,generic (2 líneas),VIABLE,Archivo core - lógica del driver portable
core/rtw_wlan_util.c,unknown,LOGICA,4532,generic (2 líneas),VIABLE,Archivo core - lógica del driver portable
core/rtw_wlan_util.c,unknown,LOGICA,4541,generic (8 líneas),VIABLE,Archivo core - lógica del driver portable
core/rtw_wlan_util.c,unknown,LOGICA,4567,generic (15 líneas),VIABLE,Archivo core - lógica del driver portable
core/rtw_wlan_util.c,unknown,LOGICA,4598,generic (2 líneas),VIABLE,Archivo core - lógica del driver portable
core/rtw_wlan_util.c,unknown,LOGICA,4607,generic (15 líneas),VIABLE,Archivo core - lógica del driver portable
core/rtw_wlan_util.c,unknown,LOGICA,4628,resume (24 líneas),VIABLE,Archivo core - lógica del driver portable
core/rtw_wlan_util.c,unknown,LOGICA,4688,dm_ (298 líneas),VIABLE,Archivo core - lógica del driver portable
core/rtw_xmit.c,unknown,LOGICA,1,generic (4 líneas),VIABLE,Archivo core - lógica del driver portable
core/rtw_xmit.c,unknown,LOGICA,11,xmit (28 líneas),VIABLE,Archivo core - lógica del driver portable
core/rtw_xmit.c,unknown,LOGICA,57,xmit (70 líneas),VIABLE,Archivo core - lógica del driver portable
core/rtw_xmit.c,unknown,LOGICA,141,xmit (18 líneas),VIABLE,Archivo core - lógica del driver portable
core/rtw_xmit.c,unknown,LOGICA,168,xmit (8 líneas),VIABLE,Archivo core - lógica del driver portable
core/rtw_xmit.c,unknown,LOGICA,186,xmit (21 líneas),VIABLE,Archivo core - lógica del driver portable
core/rtw_xmit.c,unknown,LOGICA,216,xmit (27 líneas),VIABLE,Archivo core - lógica del driver portable
core/rtw_xmit.c,unknown,LOGICA,265,xmit (10 líneas),VIABLE,Archivo core - lógica del driver portable
core/rtw_xmit.c,unknown,LOGICA,283,xmit (5 líneas),VIABLE,Archivo core - lógica del driver portable
core/rtw_xmit.c,unknown,LOGICA,294,xmit (10 líneas),VIABLE,Archivo core - lógica del driver portable
core/rtw_xmit.c,unknown,LOGICA,322,hal_init (34 líneas),VIABLE,Archivo core - lógica del driver portable
core/rtw_xmit.c,unknown,LOGICA,347,xmit (4 líneas),VIABLE,Archivo core - lógica del driver portable
core/rtw_xmit.c,unknown,LOGICA,356,xmit (47 líneas),VIABLE,Archivo core - lógica del driver portable
core/rtw_xmit.c,unknown,LOGICA,406,xmit (589 líneas),VIABLE,Archivo core - lógica del driver portable
core/rtw_xmit.c,unknown,LOGICA,605,_PHY_ (215 líneas),VIABLE,Archivo core - lógica del driver portable
core/rtw_xmit.c,unknown,LOGICA,746,xmit (289 líneas),VIABLE,Archivo core - lógica del driver portable
core/rtw_xmit.c,unknown,LOGICA,915,generic (25 líneas),VIABLE,Archivo core - lógica del driver portable
core/rtw_xmit.c,unknown,LOGICA,947,generic (27 líneas),VIABLE,Archivo core - lógica del driver portable
core/rtw_xmit.c,unknown,LOGICA,989,ps_ (43 líneas),VIABLE,Archivo core - lógica del driver portable
core/rtw_xmit.c,unknown,LOGICA,1012,xmit (54 líneas),VIABLE,Archivo core - lógica del driver portable
core/rtw_xmit.c,unknown,LOGICA,1072,xmit (15 líneas),VIABLE,Archivo core - lógica del driver portable
core/rtw_xmit.c,unknown,LOGICA,1107,generic (5 líneas),VIABLE,Archivo core - lógica del driver portable
core/rtw_xmit.c,unknown,LOGICA,1125,generic (8 líneas),VIABLE,Archivo core - lógica del driver portable
core/rtw_xmit.c,unknown,LOGICA,1142,generic (2 líneas),VIABLE,Archivo core - lógica del driver portable
core/rtw_xmit.c,unknown,LOGICA,1152,generic (2 líneas),VIABLE,Archivo core - lógica del driver portable
core/rtw_xmit.c,unknown,LOGICA,1160,_PHY_ (351 líneas),VIABLE,Archivo core - lógica del driver portable
core/rtw_xmit.c,unknown,LOGICA,1426,xmit (16 líneas),VIABLE,Archivo core - lógica del driver portable
core/rtw_xmit.c,unknown,LOGICA,1456,xmit (137 líneas),VIABLE,Archivo core - lógica del driver portable
core/rtw_xmit.c,unknown,LOGICA,1556,ps_ (39 líneas),VIABLE,Archivo core - lógica del driver portable
core/rtw_xmit.c,unknown,LOGICA,1592,_PHY_ (55 líneas),VIABLE,Archivo core - lógica del driver portable
core/rtw_xmit.c,unknown,LOGICA,1647,"hw:xmit,compat:ieee80211 (268 líneas)",VIABLE,Archivo core - lógica del driver portable
core/rtw_xmit.c,unknown,LOGICA,1842,xmit (28 líneas),VIABLE,Archivo core - lógica del driver portable
core/rtw_xmit.c,unknown,LOGICA,1874,xmit (3 líneas),VIABLE,Archivo core - lógica del driver portable
core/rtw_xmit.c,unknown,LOGICA,1892,generic (14 líneas),VIABLE,Archivo core - lógica del driver portable
core/rtw_xmit.c,unknown,LOGICA,1926,generic (43 líneas),VIABLE,Archivo core - lógica del driver portable
core/rtw_xmit.c,unknown,LOGICA,1960,xmit (26 líneas),VIABLE,Archivo core - lógica del driver portable
core/rtw_xmit.c,unknown,LOGICA,2001,xmit (265 líneas),VIABLE,Archivo core - lógica del driver portable
core/rtw_xmit.c,unknown,LOGICA,2019,xmit (2 líneas),VIABLE,Archivo core - lógica del driver portable
core/rtw_xmit.c,unknown,LOGICA,2033,xmit (6 líneas),VIABLE,Archivo core - lógica del driver portable
core/rtw_xmit.c,unknown,LOGICA,2045,xmit (58 líneas),VIABLE,Archivo core - lógica del driver portable
core/rtw_xmit.c,unknown,LOGICA,2101,xmit (5 líneas),VIABLE,Archivo core - lógica del driver portable
core/rtw_xmit.c,unknown,LOGICA,2116,xmit (64 líneas),VIABLE,Archivo core - lógica del driver portable
core/rtw_xmit.c,unknown,LOGICA,2165,"hw:xmit,compat:ieee80211 (539 líneas)",VIABLE,Archivo core - lógica del driver portable
core/rtw_xmit.c,unknown,LOGICA,2498,generic (3 líneas),VIABLE,Archivo core - lógica del driver portable
core/rtw_xmit.c,unknown,LOGICA,2518,xmit (58 líneas),VIABLE,Archivo core - lógica del driver portable
core/rtw_xmit.c,unknown,LOGICA,2567,xmit (3 líneas),VIABLE,Archivo core - lógica del driver portable
core/rtw_xmit.c,unknown,LOGICA,2579,ps_ (23 líneas),VIABLE,Archivo core - lógica del driver portable
core/rtw_xmit.c,unknown,LOGICA,2608,xmit (1 líneas),VIABLE,Archivo core - lógica del driver portable
core/rtw_xmit.c,unknown,LOGICA,2622,xmit (15 líneas),VIABLE,Archivo core - lógica del driver portable
core/rtw_xmit.c,unknown,LOGICA,2646,xmit (11 líneas),VIABLE,Archivo core - lógica del driver portable
core/rtw_xmit.c,unknown,LOGICA,2664,xmit (3 líneas),VIABLE,Archivo core - lógica del driver portable
core/rtw_xmit.c,unknown,LOGICA,2677,xmit (5 líneas),VIABLE,Archivo core - lógica del driver portable
core/rtw_xmit.c,unknown,LOGICA,2694,xmit (13 líneas),VIABLE,Archivo core - lógica del driver portable
core/rtw_xmit.c,unknown,LOGICA,2711,xmit (6 líneas),VIABLE,Archivo core - lógica del driver portable
core/rtw_xmit.c,unknown,LOGICA,2723,xmit (1 líneas),VIABLE,Archivo core - lógica del driver portable
core/rtw_xmit.c,unknown,LOGICA,2733,xmit (5 líneas),VIABLE,Archivo core - lógica del driver portable
core/rtw_xmit.c,unknown,LOGICA,2746,xmit (9 líneas),VIABLE,Archivo core - lógica del driver portable
core/rtw_xmit.c,unknown,LOGICA,2764,xmit (7 líneas),VIABLE,Archivo core - lógica del driver portable
core/rtw_xmit.c,unknown,LOGICA,2783,xmit (11 líneas),VIABLE,Archivo core - lógica del driver portable
core/rtw_xmit.c,unknown,LOGICA,2801,xmit (15 líneas),VIABLE,Archivo core - lógica del driver portable
core/rtw_xmit.c,unknown,LOGICA,2828,xmit (46 líneas),VIABLE,Archivo core - lógica del driver portable
core/rtw_xmit.c,unknown,LOGICA,2917,xmit (4 líneas),VIABLE,Archivo core - lógica del driver portable
core/rtw_xmit.c,unknown,LOGICA,2930,xmit (3 líneas),VIABLE,Archivo core - lógica del driver portable
core/rtw_xmit.c,unknown,LOGICA,2946,xmit (6 líneas),VIABLE,Archivo core - lógica del driver portable
core/rtw_xmit.c,unknown,LOGICA,2965,xmit (2 líneas),VIABLE,Archivo core - lógica del driver portable
core/rtw_xmit.c,unknown,LOGICA,2979,xmit (2 líneas),VIABLE,Archivo core - lógica del driver portable
core/rtw_xmit.c,unknown,LOGICA,2997,xmit (4 líneas),VIABLE,Archivo core - lógica del driver portable
core/rtw_xmit.c,unknown,LOGICA,3014,xmit (24 líneas),VIABLE,Archivo core - lógica del driver portable
core/rtw_xmit.c,unknown,LOGICA,3083,xmit (26 líneas),VIABLE,Archivo core - lógica del driver portable
core/rtw_xmit.c,unknown,LOGICA,3124,xmit (54 líneas),VIABLE,Archivo core - lógica del driver portable
core/rtw_xmit.c,unknown,LOGICA,3175,xmit (98 líneas),VIABLE,Archivo core - lógica del driver portable
core/rtw_xmit.c,unknown,LOGICA,3238,xmit (2 líneas),VIABLE,Archivo core - lógica del driver portable
core/rtw_xmit.c,unknown,LOGICA,3246,xmit (136 líneas),VIABLE,Archivo core - lógica del driver portable
core/rtw_xmit.c,unknown,LOGICA,3365,xmit (45 líneas),VIABLE,Archivo core - lógica del driver portable
core/rtw_xmit.c,unknown,LOGICA,3444,xmit (68 líneas),VIABLE,Archivo core - lógica del driver portable
core/rtw_xmit.c,unknown,LOGICA,3511,xmit (251 líneas),VIABLE,Archivo core - lógica del driver portable
core/rtw_xmit.c,unknown,LOGICA,3755,xmit (34 líneas),VIABLE,Archivo core - lógica del driver portable
core/rtw_xmit.c,unknown,LOGICA,3775,"hw:xmit,compat:ieee80211 (511 líneas)",VIABLE,Archivo core - lógica del driver portable
core/rtw_xmit.c,unknown,LOGICA,4103,xmit (37 líneas),VIABLE,Archivo core - lógica del driver portable
core/rtw_xmit.c,unknown,LOGICA,4141,ps_ (201 líneas),VIABLE,Archivo core - lógica del driver portable
core/rtw_xmit.c,unknown,LOGICA,4325,xmit (4 líneas),VIABLE,Archivo core - lógica del driver portable
core/rtw_xmit.c,unknown,LOGICA,4338,ps_ (160 líneas),VIABLE,Archivo core - lógica del driver portable
core/rtw_xmit.c,unknown,LOGICA,4502,xmit (56 líneas),VIABLE,Archivo core - lógica del driver portable
core/rtw_xmit.c,unknown,LOGICA,4568,ps_ (103 líneas),VIABLE,Archivo core - lógica del driver portable
core/rtw_xmit.c,unknown,LOGICA,4671,xmit (7 líneas),VIABLE,Archivo core - lógica del driver portable
core/rtw_xmit.c,unknown,LOGICA,4685,ps_ (31 líneas),VIABLE,Archivo core - lógica del driver portable
core/rtw_xmit.c,unknown,LOGICA,4730,xmit (8 líneas),VIABLE,Archivo core - lógica del driver portable
core/rtw_xmit.c,unknown,LOGICA,4745,xmit (5 líneas),VIABLE,Archivo core - lógica del driver portable
core/rtw_xmit.c,unknown,LOGICA,4756,xmit (2 líneas),VIABLE,Archivo core - lógica del driver portable
core/rtw_xmit.c,unknown,LOGICA,4769,generic (3 líneas),VIABLE,Archivo core - lógica del driver portable
core/rtw_xmit.c,unknown,LOGICA,4784,xmit (34 líneas),VIABLE,Archivo core - lógica del driver portable
core/rtw_xmit.c,unknown,LOGICA,4843,xmit (15 líneas),VIABLE,Archivo core - lógica del driver portable
core/rtw_xmit.c,unknown,LOGICA,4854,generic (2 líneas),VIABLE,Archivo core - lógica del driver portable
core/rtw_xmit.c,unknown,LOGICA,4866,xmit (6 líneas),VIABLE,Archivo core - lógica del driver portable
core/rtw_xmit.c,unknown,LOGICA,4878,suspend (87 líneas),VIABLE,Archivo core - lógica del driver portable
core/rtw_xmit.c,unknown,LOGICA,4913,xmit (268 líneas),VIABLE,Archivo core - lógica del driver portable
core/rtw_xmit.c,unknown,LOGICA,4930,generic (16 líneas),VIABLE,Archivo core - lógica del driver portable
core/rtw_xmit.c,unknown,LOGICA,4970,generic (6 líneas),VIABLE,Archivo core - lógica del driver portable
core/rtw_xmit.c,unknown,LOGICA,4985,xmit (55 líneas),VIABLE,Archivo core - lógica del driver portable
core/rtw_xmit.c,unknown,LOGICA,5049,xmit (13 líneas),VIABLE,Archivo core - lógica del driver portable
hal/HalPwrSeqCmd.c,unknown,LOGICA,1,hal_init (368 líneas),VIABLE,Archivo HAL - lógica de hardware portable
hal/efuse/efuse_mask.h,unknown,LOGICA,1,rtl (261 líneas),VIABLE,Archivo HAL - lógica de hardware portable
hal/efuse/rtl8192e/HalEfuseMask8192E_PCIE.c,unknown,LOGICA,1,odm_ (195 líneas),VIABLE,Archivo HAL - lógica de hardware portable
hal/efuse/rtl8192e/HalEfuseMask8192E_PCIE.h,unknown,LOGICA,1,generic (76 líneas),VIABLE,Archivo HAL - lógica de hardware portable
hal/efuse/rtl8192e/HalEfuseMask8192E_USB.c,unknown,LOGICA,1,odm_ (204 líneas),VIABLE,Archivo HAL - lógica de hardware portable
hal/efuse/rtl8192e/HalEfuseMask8192E_USB.h,unknown,LOGICA,1,generic (68 líneas),VIABLE,Archivo HAL - lógica de hardware portable
hal/hal_btcoex.c,unknown,LOGICA,1,generic (2 líneas),VIABLE,Archivo HAL - lógica de hardware portable
hal/hal_btcoex.c,unknown,LOGICA,11,HAL_ (18 líneas),VIABLE,Archivo HAL - lógica de hardware portable
hal/hal_btcoex.c,unknown,LOGICA,37,generic (3 líneas),VIABLE,Archivo HAL - lógica de hardware portable
hal/hal_btcoex.c,unknown,LOGICA,48,generic (9 líneas),VIABLE,Archivo HAL - lógica de hardware portable
hal/hal_btcoex.c,unknown,LOGICA,77,generic (11 líneas),VIABLE,Archivo HAL - lógica de hardware portable
hal/hal_btcoex.c,unknown,LOGICA,98,generic (8 líneas),VIABLE,Archivo HAL - lógica de hardware portable
hal/hal_btcoex.c,unknown,LOGICA,171,generic (25 líneas),VIABLE,Archivo HAL - lógica de hardware portable
hal/hal_btcoex.c,unknown,LOGICA,197,generic (9 líneas),VIABLE,Archivo HAL - lógica de hardware portable
hal/hal_btcoex.c,unknown,LOGICA,212,generic (3 líneas),VIABLE,Archivo HAL - lógica de hardware portable
hal/hal_btcoex.c,unknown,LOGICA,243,generic (10 líneas),VIABLE,Archivo HAL - lógica de hardware portable
hal/hal_btcoex.c,unknown,LOGICA,264,ps_ (59 líneas),VIABLE,Archivo HAL - lógica de hardware portable
hal/hal_btcoex.c,unknown,LOGICA,340,ps_ (24 líneas),VIABLE,Archivo HAL - lógica de hardware portable
hal/hal_btcoex.c,unknown,LOGICA,362,ps_ (4 líneas),VIABLE,Archivo HAL - lógica de hardware portable
hal/hal_btcoex.c,unknown,LOGICA,383,ps_ (4 líneas),VIABLE,Archivo HAL - lógica de hardware portable
hal/hal_btcoex.c,unknown,LOGICA,402,ps_ (12 líneas),VIABLE,Archivo HAL - lógica de hardware portable
hal/hal_btcoex.c,unknown,LOGICA,423,generic (50 líneas),VIABLE,Archivo HAL - lógica de hardware portable
hal/hal_btcoex.c,unknown,LOGICA,474,HAL_ (57 líneas),VIABLE,Archivo HAL - lógica de hardware portable
hal/hal_btcoex.c,unknown,LOGICA,518,generic (12 líneas),VIABLE,Archivo HAL - lógica de hardware portable
hal/hal_btcoex.c,unknown,LOGICA,541,HAL_ (172 líneas),VIABLE,Archivo HAL - lógica de hardware portable
hal/hal_btcoex.c,unknown,LOGICA,614,generic (1 líneas),VIABLE,Archivo HAL - lógica de hardware portable
hal/hal_btcoex.c,unknown,LOGICA,630,HAL_ (25 líneas),VIABLE,Archivo HAL - lógica de hardware portable
hal/hal_btcoex.c,unknown,LOGICA,668,generic (10 líneas),VIABLE,Archivo HAL - lógica de hardware portable
hal/hal_btcoex.c,unknown,LOGICA,692,HAL_ (167 líneas),VIABLE,Archivo HAL - lógica de hardware portable
hal/hal_btcoex.c,unknown,LOGICA,759,HAL_ (58 líneas),VIABLE,Archivo HAL - lógica de hardware portable
hal/hal_btcoex.c,unknown,LOGICA,782,_PHY_ (806 líneas),VIABLE,Archivo HAL - lógica de hardware portable
hal/hal_btcoex.c,unknown,LOGICA,1226,ps_ (20 líneas),VIABLE,Archivo HAL - lógica de hardware portable
hal/hal_btcoex.c,unknown,LOGICA,1320,generic (2 líneas),VIABLE,Archivo HAL - lógica de hardware portable
hal/hal_btcoex.c,unknown,LOGICA,1359,generic (30 líneas),VIABLE,Archivo HAL - lógica de hardware portable
hal/hal_btcoex.c,unknown,LOGICA,1401,HAL_ (22 líneas),VIABLE,Archivo HAL - lógica de hardware portable
hal/hal_btcoex.c,unknown,LOGICA,1424,generic (14 líneas),VIABLE,Archivo HAL - lógica de hardware portable
hal/hal_btcoex.c,unknown,LOGICA,1447,ps_ (215 líneas),VIABLE,Archivo HAL - lógica de hardware portable
hal/hal_btcoex.c,unknown,LOGICA,1556,generic (2 líneas),VIABLE,Archivo HAL - lógica de hardware portable
hal/hal_btcoex.c,unknown,LOGICA,1568,generic (2 líneas),VIABLE,Archivo HAL - lógica de hardware portable
hal/hal_btcoex.c,unknown,LOGICA,1580,generic (2 líneas),VIABLE,Archivo HAL - lógica de hardware portable
hal/hal_btcoex.c,unknown,LOGICA,1592,generic (2 líneas),VIABLE,Archivo HAL - lógica de hardware portable
hal/hal_btcoex.c,unknown,LOGICA,1605,generic (8 líneas),VIABLE,Archivo HAL - lógica de hardware portable
hal/hal_btcoex.c,unknown,LOGICA,1622,generic (2 líneas),VIABLE,Archivo HAL - lógica de hardware portable
hal/hal_btcoex.c,unknown,LOGICA,1634,generic (2 líneas),VIABLE,Archivo HAL - lógica de hardware portable
hal/hal_btcoex.c,unknown,LOGICA,1646,generic (6 líneas),VIABLE,Archivo HAL - lógica de hardware portable
hal/hal_btcoex.c,unknown,LOGICA,1657,generic (169 líneas),VIABLE,Archivo HAL - lógica de hardware portable
hal/hal_btcoex.c,unknown,LOGICA,1666,bb_ (4 líneas),VIABLE,Archivo HAL - lógica de hardware portable
hal/hal_btcoex.c,unknown,LOGICA,1679,rf_ (4 líneas),VIABLE,Archivo HAL - lógica de hardware portable
hal/hal_btcoex.c,unknown,LOGICA,1691,rf_ (4 líneas),VIABLE,Archivo HAL - lógica de hardware portable
hal/hal_btcoex.c,unknown,LOGICA,1703,rf_ (4 líneas),VIABLE,Archivo HAL - lógica de hardware portable
hal/hal_btcoex.c,unknown,LOGICA,1728,generic (2 líneas),VIABLE,Archivo HAL - lógica de hardware portable
hal/hal_btcoex.c,unknown,LOGICA,1742,generic (8 líneas),VIABLE,Archivo HAL - lógica de hardware portable
hal/hal_btcoex.c,unknown,LOGICA,1761,generic (48 líneas),VIABLE,Archivo HAL - lógica de hardware portable
hal/hal_btcoex.c,unknown,LOGICA,1775,generic (2 líneas),VIABLE,Archivo HAL - lógica de hardware portable
hal/hal_btcoex.c,unknown,LOGICA,1794,HAL_ (57 líneas),VIABLE,Archivo HAL - lógica de hardware portable
hal/hal_btcoex.c,unknown,LOGICA,1831,HAL_ (11 líneas),VIABLE,Archivo HAL - lógica de hardware portable
hal/hal_btcoex.c,unknown,LOGICA,1857,generic (5 líneas),VIABLE,Archivo HAL - lógica de hardware portable
hal/hal_btcoex.c,unknown,LOGICA,1871,generic (9 líneas),VIABLE,Archivo HAL - lógica de hardware portable
hal/hal_btcoex.c,unknown,LOGICA,1907,generic (6 líneas),VIABLE,Archivo HAL - lógica de hardware portable
hal/hal_btcoex.c,unknown,LOGICA,1928,generic (1 líneas),VIABLE,Archivo HAL - lógica de hardware portable
hal/hal_btcoex.c,unknown,LOGICA,1938,_PHY_ (196 líneas),VIABLE,Archivo HAL - lógica de hardware portable
hal/hal_btcoex.c,unknown,LOGICA,1969,generic (2 líneas),VIABLE,Archivo HAL - lógica de hardware portable
hal/hal_btcoex.c,unknown,LOGICA,2000,generic (1 líneas),VIABLE,Archivo HAL - lógica de hardware portable
hal/hal_btcoex.c,unknown,LOGICA,2009,generic (2 líneas),VIABLE,Archivo HAL - lógica de hardware portable
hal/hal_btcoex.c,unknown,LOGICA,2029,_PHY_ (225 líneas),VIABLE,Archivo HAL - lógica de hardware portable
hal/hal_btcoex.c,unknown,LOGICA,2154,bb_ (6 líneas),VIABLE,Archivo HAL - lógica de hardware portable
hal/hal_btcoex.c,unknown,LOGICA,2168,_PHY_ (16 líneas),VIABLE,Archivo HAL - lógica de hardware portable
hal/hal_btcoex.c,unknown,LOGICA,2187,ps_ (352 líneas),VIABLE,Archivo HAL - lógica de hardware portable
hal/hal_btcoex.c,unknown,LOGICA,2393,ps_ (729 líneas),VIABLE,Archivo HAL - lógica de hardware portable
hal/hal_btcoex.c,unknown,LOGICA,2779,rtl (197 líneas),VIABLE,Archivo HAL - lógica de hardware portable
hal/hal_btcoex.c,unknown,LOGICA,2925,ps_ (297 líneas),VIABLE,Archivo HAL - lógica de hardware portable
hal/hal_btcoex.c,unknown,LOGICA,3044,generic (11 líneas),VIABLE,Archivo HAL - lógica de hardware portable
hal/hal_btcoex.c,unknown,LOGICA,3068,generic (3 líneas),VIABLE,Archivo HAL - lógica de hardware portable
hal/hal_btcoex.c,unknown,LOGICA,3077,generic (17 líneas),VIABLE,Archivo HAL - lógica de hardware portable
hal/hal_btcoex.c,unknown,LOGICA,3127,generic (4 líneas),VIABLE,Archivo HAL - lógica de hardware portable
hal/hal_btcoex.c,unknown,LOGICA,3139,rtl (74 líneas),VIABLE,Archivo HAL - lógica de hardware portable
hal/hal_btcoex.c,unknown,LOGICA,3204,HAL_ (464 líneas),VIABLE,Archivo HAL - lógica de hardware portable
hal/hal_btcoex.c,unknown,LOGICA,3337,HAL_ (2 líneas),VIABLE,Archivo HAL - lógica de hardware portable
hal/hal_btcoex.c,unknown,LOGICA,3363,HAL_ (2 líneas),VIABLE,Archivo HAL - lógica de hardware portable
hal/hal_btcoex.c,unknown,LOGICA,3373,HAL_ (50 líneas),VIABLE,Archivo HAL - lógica de hardware portable
hal/hal_btcoex.c,unknown,LOGICA,3464,HAL_ (20 líneas),VIABLE,Archivo HAL - lógica de hardware portable
hal/hal_btcoex.c,unknown,LOGICA,3486,generic (2 líneas),VIABLE,Archivo HAL - lógica de hardware portable
hal/hal_btcoex.c,unknown,LOGICA,3495,generic (2 líneas),VIABLE,Archivo HAL - lógica de hardware portable
hal/hal_btcoex.c,unknown,LOGICA,3505,suspend (70 líneas),VIABLE,Archivo HAL - lógica de hardware portable
hal/hal_btcoex.c,unknown,LOGICA,3556,HAL_ (13 líneas),VIABLE,Archivo HAL - lógica de hardware portable
hal/hal_btcoex.c,unknown,LOGICA,3579,HAL_ (18 líneas),VIABLE,Archivo HAL - lógica de hardware portable
hal/hal_btcoex.c,unknown,LOGICA,3592,HAL_ (7 líneas),VIABLE,Archivo HAL - lógica de hardware portable
hal/hal_btcoex.c,unknown,LOGICA,3606,ps_ (7 líneas),VIABLE,Archivo HAL - lógica de hardware portable
hal/hal_btcoex.c,unknown,LOGICA,3620,ps_ (4 líneas),VIABLE,Archivo HAL - lógica de hardware portable
hal/hal_btcoex.c,unknown,LOGICA,3633,HAL_ (28 líneas),VIABLE,Archivo HAL - lógica de hardware portable
hal/hal_btcoex.c,unknown,LOGICA,3690,generic (2 líneas),VIABLE,Archivo HAL - lógica de hardware portable
hal/hal_btcoex.c,unknown,LOGICA,3705,generic (4 líneas),VIABLE,Archivo HAL - lógica de hardware portable
hal/hal_btcoex.c,unknown,LOGICA,3719,generic (26 líneas),VIABLE,Archivo HAL - lógica de hardware portable
hal/hal_btcoex.c,unknown,LOGICA,3800,generic (2 líneas),VIABLE,Archivo HAL - lógica de hardware portable
hal/hal_btcoex.c,unknown,LOGICA,3810,HAL_ (2 líneas),VIABLE,Archivo HAL - lógica de hardware portable
hal/hal_btcoex.c,unknown,LOGICA,3824,HAL_ (4 líneas),VIABLE,Archivo HAL - lógica de hardware portable
hal/hal_btcoex.c,unknown,LOGICA,3839,HAL_ (4 líneas),VIABLE,Archivo HAL - lógica de hardware portable
hal/hal_btcoex.c,unknown,LOGICA,3858,_PHY_ (48 líneas),VIABLE,Archivo HAL - lógica de hardware portable
hal/hal_btcoex.c,unknown,LOGICA,3901,HAL_ (30 líneas),VIABLE,Archivo HAL - lógica de hardware portable
hal/hal_btcoex.c,unknown,LOGICA,3936,generic (14 líneas),VIABLE,Archivo HAL - lógica de hardware portable
hal/hal_btcoex.c,unknown,LOGICA,3967,HAL_ (20 líneas),VIABLE,Archivo HAL - lógica de hardware portable
hal/hal_btcoex.c,unknown,LOGICA,3991,_PHY_ (18 líneas),VIABLE,Archivo HAL - lógica de hardware portable
hal/hal_btcoex.c,unknown,LOGICA,4021,generic (2 líneas),VIABLE,Archivo HAL - lógica de hardware portable
hal/hal_btcoex.c,unknown,LOGICA,4040,HAL_ (60 líneas),VIABLE,Archivo HAL - lógica de hardware portable
hal/hal_com.c,unknown,LOGICA,1,generic (4 líneas),VIABLE,Archivo HAL - lógica de hardware portable
hal/hal_com.c,unknown,LOGICA,11,HAL_ (7 líneas),VIABLE,Archivo HAL - lógica de hardware portable
hal/hal_com.c,unknown,LOGICA,24,_PHY_ (369 líneas),VIABLE,Archivo HAL - lógica de hardware portable
hal/hal_com.c,unknown,LOGICA,142,HAL_ (23 líneas),VIABLE,Archivo HAL - lógica de hardware portable
hal/hal_com.c,unknown,LOGICA,173,generic (4 líneas),VIABLE,Archivo HAL - lógica de hardware portable
hal/hal_com.c,unknown,LOGICA,189,generic (4 líneas),VIABLE,Archivo HAL - lógica de hardware portable
hal/hal_com.c,unknown,LOGICA,212,"hw:hal_init,compat:ieee80211 (1176 líneas)",VIABLE,Archivo HAL - lógica de hardware portable
hal/hal_com.c,unknown,LOGICA,693,rtl (21 líneas),VIABLE,Archivo HAL - lógica de hardware portable
hal/hal_com.c,unknown,LOGICA,727,hal_init (183 líneas),VIABLE,Archivo HAL - lógica de hardware portable
hal/hal_com.c,unknown,LOGICA,840,HAL_ (4 líneas),VIABLE,Archivo HAL - lógica de hardware portable
hal/hal_com.c,unknown,LOGICA,854,generic (2 líneas),VIABLE,Archivo HAL - lógica de hardware portable
hal/hal_com.c,unknown,LOGICA,864,generic (2 líneas),VIABLE,Archivo HAL - lógica de hardware portable
hal/hal_com.c,unknown,LOGICA,876,generic (2 líneas),VIABLE,Archivo HAL - lógica de hardware portable
hal/hal_com.c,unknown,LOGICA,887,HAL_ (109 líneas),VIABLE,Archivo HAL - lógica de hardware portable
hal/hal_com.c,unknown,LOGICA,914,HAL_ (7 líneas),VIABLE,Archivo HAL - lógica de hardware portable
hal/hal_com.c,unknown,LOGICA,932,xmit (6 líneas),VIABLE,Archivo HAL - lógica de hardware portable
hal/hal_com.c,unknown,LOGICA,952,"hw:ps_,compat:ieee80211 (720 líneas)",VIABLE,Archivo HAL - lógica de hardware portable
hal/hal_com.c,unknown,LOGICA,1079,generic (2 líneas),VIABLE,Archivo HAL - lógica de hardware portable
hal/hal_com.c,unknown,LOGICA,1110,generic (2 líneas),VIABLE,Archivo HAL - lógica de hardware portable
hal/hal_com.c,unknown,LOGICA,1121,generic (2 líneas),VIABLE,Archivo HAL - lógica de hardware portable
hal/hal_com.c,unknown,LOGICA,1151,generic (3 líneas),VIABLE,Archivo HAL - lógica de hardware portable
hal/hal_com.c,unknown,LOGICA,1209,generic (12 líneas),VIABLE,Archivo HAL - lógica de hardware portable
hal/hal_com.c,unknown,LOGICA,1233,generic (4 líneas),VIABLE,Archivo HAL - lógica de hardware portable
hal/hal_com.c,unknown,LOGICA,1241,rtl (20 líneas),VIABLE,Archivo HAL - lógica de hardware portable
hal/hal_com.c,unknown,LOGICA,1255,resume (1526 líneas),VIABLE,Archivo HAL - lógica de hardware portable
hal/hal_com.c,unknown,LOGICA,1286,rtl (293 líneas),VIABLE,Archivo HAL - lógica de hardware portable
hal/hal_com.c,unknown,LOGICA,1463,ps_ (308 líneas),VIABLE,Archivo HAL - lógica de hardware portable
hal/hal_com.c,unknown,LOGICA,1484,HAL_ (4 líneas),VIABLE,Archivo HAL - lógica de hardware portable
hal/hal_com.c,unknown,LOGICA,1492,hal_init (21 líneas),VIABLE,Archivo HAL - lógica de hardware portable
hal/hal_com.c,unknown,LOGICA,1527,HAL_ (4 líneas),VIABLE,Archivo HAL - lógica de hardware portable
hal/hal_com.c,unknown,LOGICA,1552,HAL_ (19 líneas),VIABLE,Archivo HAL - lógica de hardware portable
hal/hal_com.c,unknown,LOGICA,1569,HAL_ (13 líneas),VIABLE,Archivo HAL - lógica de hardware portable
hal/hal_com.c,unknown,LOGICA,1587,HAL_ (37 líneas),VIABLE,Archivo HAL - lógica de hardware portable
hal/hal_com.c,unknown,LOGICA,1637,resume (293 líneas),VIABLE,Archivo HAL - lógica de hardware portable
hal/hal_com.c,unknown,LOGICA,1742,recv (83 líneas),VIABLE,Archivo HAL - lógica de hardware portable
hal/hal_com.c,unknown,LOGICA,1815,HAL_ (134 líneas),VIABLE,Archivo HAL - lógica de hardware portable
hal/hal_com.c,unknown,LOGICA,1901,resume (10 líneas),VIABLE,Archivo HAL - lógica de hardware portable
hal/hal_com.c,unknown,LOGICA,1915,generic (2 líneas),VIABLE,Archivo HAL - lógica de hardware portable
hal/hal_com.c,unknown,LOGICA,1923,HAL_ (2 líneas),VIABLE,Archivo HAL - lógica de hardware portable
hal/hal_com.c,unknown,LOGICA,1934,suspend (439 líneas),VIABLE,Archivo HAL - lógica de hardware portable
hal/hal_com.c,unknown,LOGICA,2152,generic (15 líneas),VIABLE,Archivo HAL - lógica de hardware portable
hal/hal_com.c,unknown,LOGICA,2179,suspend (270 líneas),VIABLE,Archivo HAL - lógica de hardware portable
hal/hal_com.c,unknown,LOGICA,2364,HAL_ (13 líneas),VIABLE,Archivo HAL - lógica de hardware portable
hal/hal_com.c,unknown,LOGICA,2388,ps_ (40 líneas),VIABLE,Archivo HAL - lógica de hardware portable
hal/hal_com.c,unknown,LOGICA,2459,HAL_ (18 líneas),VIABLE,Archivo HAL - lógica de hardware portable
hal/hal_com.c,unknown,LOGICA,2492,HAL_ (4 líneas),VIABLE,Archivo HAL - lógica de hardware portable
hal/hal_com.c,unknown,LOGICA,2509,ps_ (11 líneas),VIABLE,Archivo HAL - lógica de hardware portable
hal/hal_com.c,unknown,LOGICA,2534,suspend (64 líneas),VIABLE,Archivo HAL - lógica de hardware portable
hal/hal_com.c,unknown,LOGICA,2600,resume (29 líneas),VIABLE,Archivo HAL - lógica de hardware portable
hal/hal_com.c,unknown,LOGICA,2631,generic (47 líneas),VIABLE,Archivo HAL - lógica de hardware portable
hal/hal_com.c,unknown,LOGICA,2666,"hw:ps_,compat:ieee80211 (70 líneas)",VIABLE,Archivo HAL - lógica de hardware portable
hal/hal_com.c,unknown,MIXTO,2734,"compat:cfg80211,hw:ps_ (6 líneas)",VIABLE,Archivo HAL - lógica de hardware portable
hal/hal_com.c,unknown,LOGICA,2746,"hw:ps_,compat:cfg80211 (114 líneas)",VIABLE,Archivo HAL - lógica de hardware portable
hal/hal_com.c,unknown,LOGICA,2873,"hw:xmit,compat:ieee80211 (81 líneas)",VIABLE,Archivo HAL - lógica de hardware portable
hal/hal_com.c,unknown,LOGICA,2988,"hw:ps_,compat:cfg80211 (280 líneas)",VIABLE,Archivo HAL - lógica de hardware portable
hal/hal_com.c,unknown,LOGICA,3282,ps_ (13 líneas),VIABLE,Archivo HAL - lógica de hardware portable
hal/hal_com.c,unknown,LOGICA,3308,"hw:xmit,compat:ieee80211 (20 líneas)",VIABLE,Archivo HAL - lógica de hardware portable
hal/hal_com.c,unknown,LOGICA,3348,"hw:ps_,compat:ieee80211 (545 líneas)",VIABLE,Archivo HAL - lógica de hardware portable
hal/hal_com.c,unknown,LOGICA,3808,generic (279 líneas),VIABLE,Archivo HAL - lógica de hardware portable
hal/hal_com.c,unknown,LOGICA,4018,"hw:xmit,compat:ieee80211 (38 líneas)",VIABLE,Archivo HAL - lógica de hardware portable
hal/hal_com.c,unknown,LOGICA,4080,ps_ (40 líneas),VIABLE,Archivo HAL - lógica de hardware portable
hal/hal_com.c,unknown,LOGICA,4130,"hw:ps_,compat:ieee80211 (101 líneas)",VIABLE,Archivo HAL - lógica de hardware portable
hal/hal_com.c,unknown,LOGICA,4237,"hw:HAL_,compat:ieee80211 (58 líneas)",VIABLE,Archivo HAL - lógica de hardware portable
hal/hal_com.c,unknown,LOGICA,4325,"hw:HAL_,compat:ieee80211 (55 líneas)",VIABLE,Archivo HAL - lógica de hardware portable
hal/hal_com.c,unknown,LOGICA,4420,"hw:HAL_,compat:ieee80211 (13 líneas)",VIABLE,Archivo HAL - lógica de hardware portable
hal/hal_com.c,unknown,LOGICA,4460,"hw:HAL_,compat:ieee80211 (382 líneas)",VIABLE,Archivo HAL - lógica de hardware portable
hal/hal_com.c,unknown,LOGICA,4652,"hw:HAL_,compat:ieee80211 (64 líneas)",VIABLE,Archivo HAL - lógica de hardware portable
hal/hal_com.c,unknown,LOGICA,4747,"hw:HAL_,compat:ieee80211 (32 líneas)",VIABLE,Archivo HAL - lógica de hardware portable
hal/hal_com.c,unknown,LOGICA,4819,"hw:resume,compat:ieee80211 (371 líneas)",VIABLE,Archivo HAL - lógica de hardware portable
hal/hal_com.c,unknown,LOGICA,5095,HAL_ (4 líneas),VIABLE,Archivo HAL - lógica de hardware portable
hal/hal_com.c,unknown,LOGICA,5104,generic (3 líneas),VIABLE,Archivo HAL - lógica de hardware portable
hal/hal_com.c,unknown,LOGICA,5119,HAL_ (2 líneas),VIABLE,Archivo HAL - lógica de hardware portable
hal/hal_com.c,unknown,LOGICA,5128,HAL_ (193 líneas),VIABLE,Archivo HAL - lógica de hardware portable
hal/hal_com.c,unknown,LOGICA,5209,HAL_ (3 líneas),VIABLE,Archivo HAL - lógica de hardware portable
hal/hal_com.c,unknown,LOGICA,5220,HAL_ (2 líneas),VIABLE,Archivo HAL - lógica de hardware portable
hal/hal_com.c,unknown,LOGICA,5231,HAL_ (392 líneas),VIABLE,Archivo HAL - lógica de hardware portable
hal/hal_com.c,unknown,LOGICA,5262,generic (6 líneas),VIABLE,Archivo HAL - lógica de hardware portable
hal/hal_com.c,unknown,LOGICA,5318,generic (4 líneas),VIABLE,Archivo HAL - lógica de hardware portable
hal/hal_com.c,unknown,LOGICA,5344,suspend (2 líneas),VIABLE,Archivo HAL - lógica de hardware portable
hal/hal_com.c,unknown,LOGICA,5352,suspend (523 líneas),VIABLE,Archivo HAL - lógica de hardware portable
hal/hal_com.c,unknown,LOGICA,5525,resume (73 líneas),VIABLE,Archivo HAL - lógica de hardware portable
hal/hal_com.c,unknown,LOGICA,5582,HAL_ (8 líneas),VIABLE,Archivo HAL - lógica de hardware portable
hal/hal_com.c,unknown,LOGICA,5595,ps_ (607 líneas),VIABLE,Archivo HAL - lógica de hardware portable
hal/hal_com.c,unknown,LOGICA,5676,xmit (15 líneas),VIABLE,Archivo HAL - lógica de hardware portable
hal/hal_com.c,unknown,LOGICA,5703,resume (345 líneas),VIABLE,Archivo HAL - lógica de hardware portable
hal/hal_com.c,unknown,LOGICA,5895,generic (4 líneas),VIABLE,Archivo HAL - lógica de hardware portable
hal/hal_com.c,unknown,LOGICA,5904,resume (21 líneas),VIABLE,Archivo HAL - lógica de hardware portable
hal/hal_com.c,unknown,LOGICA,5918,"hw:resume,compat:ieee80211 (1360 líneas)",VIABLE,Archivo HAL - lógica de hardware portable
hal/hal_com.c,unknown,LOGICA,6129,ps_ (100 líneas),VIABLE,Archivo HAL - lógica de hardware portable
hal/hal_com.c,unknown,LOGICA,6175,HAL_ (70 líneas),VIABLE,Archivo HAL - lógica de hardware portable
hal/hal_com.c,unknown,LOGICA,6223,resume (535 líneas),VIABLE,Archivo HAL - lógica de hardware portable
hal/hal_com.c,unknown,LOGICA,6749,generic (20 líneas),VIABLE,Archivo HAL - lógica de hardware portable
hal/hal_com.c,unknown,LOGICA,6781,ps_ (177 líneas),VIABLE,Archivo HAL - lógica de hardware portable
hal/hal_com.c,unknown,LOGICA,6924,HAL_ (77 líneas),VIABLE,Archivo HAL - lógica de hardware portable
hal/hal_com.c,unknown,LOGICA,6979,_PHY_ (2 líneas),VIABLE,Archivo HAL - lógica de hardware portable
hal/hal_com.c,unknown,LOGICA,6988,_PHY_ (45 líneas),VIABLE,Archivo HAL - lógica de hardware portable
hal/hal_com.c,unknown,LOGICA,7042,_PHY_ (45 líneas),VIABLE,Archivo HAL - lógica de hardware portable
hal/hal_com.c,unknown,LOGICA,7111,rtl (13 líneas),VIABLE,Archivo HAL - lógica de hardware portable
hal/hal_com.c,unknown,LOGICA,7131,rtl (8 líneas),VIABLE,Archivo HAL - lógica de hardware portable
hal/hal_com.c,unknown,LOGICA,7167,rtl (62 líneas),VIABLE,Archivo HAL - lógica de hardware portable
hal/hal_com.c,unknown,LOGICA,7192,HAL_ (37 líneas),VIABLE,Archivo HAL - lógica de hardware portable
hal/hal_com.c,unknown,LOGICA,7214,HAL_ (3 líneas),VIABLE,Archivo HAL - lógica de hardware portable
hal/hal_com.c,unknown,LOGICA,7229,HAL_ (3 líneas),VIABLE,Archivo HAL - lógica de hardware portable
hal/hal_com.c,unknown,LOGICA,7248,HAL_ (7 líneas),VIABLE,Archivo HAL - lógica de hardware portable
hal/hal_com.c,unknown,LOGICA,7272,rf_ (22 líneas),VIABLE,Archivo HAL - lógica de hardware portable
hal/hal_com.c,unknown,LOGICA,7293,odm_ (101 líneas),VIABLE,Archivo HAL - lógica de hardware portable
hal/hal_com.c,unknown,LOGICA,7394,recv (105 líneas),VIABLE,Archivo HAL - lógica de hardware portable
hal/hal_com.c,unknown,LOGICA,7505,HAL_ (109 líneas),VIABLE,Archivo HAL - lógica de hardware portable
hal/hal_com.c,unknown,LOGICA,7590,generic (5 líneas),VIABLE,Archivo HAL - lógica de hardware portable
hal/hal_com.c,unknown,LOGICA,7602,ps_ (92 líneas),VIABLE,Archivo HAL - lógica de hardware portable
hal/hal_com.c,unknown,LOGICA,7695,ps_ (40 líneas),VIABLE,Archivo HAL - lógica de hardware portable
hal/hal_com.c,unknown,LOGICA,7743,ps_ (25 líneas),VIABLE,Archivo HAL - lógica de hardware portable
hal/hal_com.c,unknown,LOGICA,7789,ps_ (12 líneas),VIABLE,Archivo HAL - lógica de hardware portable
hal/hal_com.c,unknown,LOGICA,7819,generic (3 líneas),VIABLE,Archivo HAL - lógica de hardware portable
hal/hal_com.c,unknown,LOGICA,7835,HAL_ (2 líneas),VIABLE,Archivo HAL - lógica de hardware portable
hal/hal_com.c,unknown,LOGICA,7861,_PHY_ (591 líneas),VIABLE,Archivo HAL - lógica de hardware portable
hal/hal_com.c,unknown,LOGICA,8314,HAL_ (5 líneas),VIABLE,Archivo HAL - lógica de hardware portable
hal/hal_com.c,unknown,LOGICA,8324,HAL_ (5 líneas),VIABLE,Archivo HAL - lógica de hardware portable
hal/hal_com.c,unknown,LOGICA,8344,HAL_ (32 líneas),VIABLE,Archivo HAL - lógica de hardware portable
hal/hal_com.c,unknown,LOGICA,8354,generic (4 líneas),VIABLE,Archivo HAL - lógica de hardware portable
hal/hal_com.c,unknown,LOGICA,8369,generic (4 líneas),VIABLE,Archivo HAL - lógica de hardware portable
hal/hal_com.c,unknown,LOGICA,8388,HAL_ (67 líneas),VIABLE,Archivo HAL - lógica de hardware portable
hal/hal_com.c,unknown,LOGICA,8482,HAL_ (11 líneas),VIABLE,Archivo HAL - lógica de hardware portable
hal/hal_com.c,unknown,LOGICA,8503,resume (169 líneas),VIABLE,Archivo HAL - lógica de hardware portable
hal/hal_com.c,unknown,LOGICA,8517,odm_ (2 líneas),VIABLE,Archivo HAL - lógica de hardware portable
hal/hal_com.c,unknown,LOGICA,8528,HAL_ (4 líneas),VIABLE,Archivo HAL - lógica de hardware portable
hal/hal_com.c,unknown,LOGICA,8540,_PHY_ (370 líneas),VIABLE,Archivo HAL - lógica de hardware portable
hal/hal_com_c2h.h,unknown,LOGICA,1,generic (2 líneas),VIABLE,Archivo HAL - lógica de hardware portable
hal/hal_com_c2h.h,unknown,LOGICA,11,ps_ (55 líneas),VIABLE,Archivo HAL - lógica de hardware portable
hal/hal_com_c2h.h,unknown,LOGICA,43,ps_ (50 líneas),VIABLE,Archivo HAL - lógica de hardware portable
hal/hal_com_phycfg.c,unknown,LOGICA,1,generic (4 líneas),VIABLE,Archivo HAL - lógica de hardware portable
hal/hal_com_phycfg.c,unknown,LOGICA,11,"hw:hal_init,compat:ieee80211 (1427 líneas)",VIABLE,Archivo HAL - lógica de hardware portable
hal/hal_com_phycfg.c,unknown,LOGICA,71,HAL_ (3 líneas),VIABLE,Archivo HAL - lógica de hardware portable
hal/hal_com_phycfg.c,unknown,LOGICA,83,HAL_ (10 líneas),VIABLE,Archivo HAL - lógica de hardware portable
hal/hal_com_phycfg.c,unknown,LOGICA,108,_PHY_ (1069 líneas),VIABLE,Archivo HAL - lógica de hardware portable
hal/hal_com_phycfg.c,unknown,LOGICA,783,phy_init (471 líneas),VIABLE,Archivo HAL - lógica de hardware portable
hal/hal_com_phycfg.c,unknown,LOGICA,1227,"hw:odm_,compat:ieee80211 (729 líneas)",VIABLE,Archivo HAL - lógica de hardware portable
hal/hal_com_phycfg.c,unknown,LOGICA,1538,_PHY_ (25 líneas),VIABLE,Archivo HAL - lógica de hardware portable
hal/hal_com_phycfg.c,unknown,LOGICA,1575,"hw:_PHY_,compat:ieee80211 (791 líneas)",VIABLE,Archivo HAL - lógica de hardware portable
hal/hal_com_phycfg.c,unknown,LOGICA,1997,"hw:phy_init,compat:ieee80211 (965 líneas)",VIABLE,Archivo HAL - lógica de hardware portable
hal/hal_com_phycfg.c,unknown,LOGICA,2347,phy_init (14 líneas),VIABLE,Archivo HAL - lógica de hardware portable
hal/hal_com_phycfg.c,unknown,LOGICA,2373,_PHY_ (4 líneas),VIABLE,Archivo HAL - lógica de hardware portable
hal/hal_com_phycfg.c,unknown,LOGICA,2382,_PHY_ (8 líneas),VIABLE,Archivo HAL - lógica de hardware portable
hal/hal_com_phycfg.c,unknown,LOGICA,2407,phy_init (23 líneas),VIABLE,Archivo HAL - lógica de hardware portable
hal/hal_com_phycfg.c,unknown,LOGICA,2441,_PHY_ (171 líneas),VIABLE,Archivo HAL - lógica de hardware portable
hal/hal_com_phycfg.c,unknown,LOGICA,2648,HAL_ (23 líneas),VIABLE,Archivo HAL - lógica de hardware portable
hal/hal_com_phycfg.c,unknown,LOGICA,2684,_PHY_ (231 líneas),VIABLE,Archivo HAL - lógica de hardware portable
hal/hal_com_phycfg.c,unknown,LOGICA,2930,_PHY_ (4 líneas),VIABLE,Archivo HAL - lógica de hardware portable
hal/hal_com_phycfg.c,unknown,LOGICA,2939,_PHY_ (70 líneas),VIABLE,Archivo HAL - lógica de hardware portable
hal/hal_com_phycfg.c,unknown,LOGICA,3023,_PHY_ (529 líneas),VIABLE,Archivo HAL - lógica de hardware portable
hal/hal_com_phycfg.c,unknown,LOGICA,3551,_PHY_ (94 líneas),VIABLE,Archivo HAL - lógica de hardware portable
hal/hal_com_phycfg.c,unknown,LOGICA,3659,HAL_ (6 líneas),VIABLE,Archivo HAL - lógica de hardware portable
hal/hal_com_phycfg.c,unknown,LOGICA,3672,_PHY_ (1045 líneas),VIABLE,Archivo HAL - lógica de hardware portable
hal/hal_com_phycfg.c,unknown,LOGICA,4438,"hw:_PHY_,compat:cfg80211 (420 líneas)",VIABLE,Archivo HAL - lógica de hardware portable
hal/hal_dm.c,unknown,LOGICA,1,"hw:_PHY_,compat:ieee80211 (2104 líneas)",VIABLE,Archivo HAL - lógica de hardware portable
hal/hal_dm.h,unknown,LOGICA,1,_PHY_ (145 líneas),VIABLE,Archivo HAL - lógica de hardware portable
hal/hal_hci/hal_usb.c,unknown,LOGICA,1,generic (4 líneas),VIABLE,Archivo HAL - lógica de hardware portable
hal/hal_hci/hal_usb.c,unknown,LOGICA,11,HAL_ (7 líneas),VIABLE,Archivo HAL - lógica de hardware portable
hal/hal_hci/hal_usb.c,unknown,LOGICA,28,recv (23 líneas),VIABLE,Archivo HAL - lógica de hardware portable
hal/hal_hci/hal_usb.c,unknown,LOGICA,65,recv (20 líneas),VIABLE,Archivo HAL - lógica de hardware portable
hal/hal_hci/hal_usb.c,unknown,LOGICA,92,recv (6 líneas),VIABLE,Archivo HAL - lógica de hardware portable
hal/hal_hci/hal_usb.c,unknown,LOGICA,117,recv (28 líneas),VIABLE,Archivo HAL - lógica de hardware portable
hal/hal_hci/hal_usb.c,unknown,LOGICA,160,recv (2 líneas),VIABLE,Archivo HAL - lógica de hardware portable
hal/hal_hci/hal_usb.c,unknown,LOGICA,168,recv (32 líneas),VIABLE,Archivo HAL - lógica de hardware portable
hal/hal_hci/hal_usb.c,unknown,LOGICA,221,recv (6 líneas),VIABLE,Archivo HAL - lógica de hardware portable
hal/hal_hci/hal_usb.c,unknown,LOGICA,235,recv (2 líneas),VIABLE,Archivo HAL - lógica de hardware portable
hal/hal_hci/hal_usb.c,unknown,LOGICA,243,usb_write (36 líneas),VIABLE,Archivo HAL - lógica de hardware portable
hal/hal_hci/hal_usb.c,unknown,LOGICA,252,generic (6 líneas),VIABLE,Archivo HAL - lógica de hardware portable
hal/hal_hci/hal_usb.c,unknown,LOGICA,267,usb_write (6 líneas),VIABLE,Archivo HAL - lógica de hardware portable
hal/hal_hci/hal_usb.c,unknown,LOGICA,282,usb_write (6 líneas),VIABLE,Archivo HAL - lógica de hardware portable
hal/hal_hci/hal_usb.c,unknown,LOGICA,297,usb_write (8 líneas),VIABLE,Archivo HAL - lógica de hardware portable
hal/hal_hci/hal_usb.c,unknown,LOGICA,316,usb_read (52 líneas),VIABLE,Archivo HAL - lógica de hardware portable
hal/hal_hci/hal_usb.c,unknown,LOGICA,367,rtl (23 líneas),VIABLE,Archivo HAL - lógica de hardware portable
hal/hal_hci/hal_usb.c,unknown,LOGICA,394,usb_write (26 líneas),VIABLE,Archivo HAL - lógica de hardware portable
hal/hal_hci/hal_usb.c,unknown,LOGICA,422,usb_write (26 líneas),VIABLE,Archivo HAL - lógica de hardware portable
hal/hal_hci/hal_usb.c,unknown,LOGICA,451,usb_write (25 líneas),VIABLE,Archivo HAL - lógica de hardware portable
hal/hal_hci/hal_usb.c,unknown,LOGICA,477,usb_write (53 líneas),VIABLE,Archivo HAL - lógica de hardware portable
hal/hal_intf.c,unknown,LOGICA,1,generic (4 líneas),VIABLE,Archivo HAL - lógica de hardware portable
hal/hal_intf.c,unknown,LOGICA,11,HAL_ (7 líneas),VIABLE,Archivo HAL - lógica de hardware portable
hal/hal_intf.c,unknown,LOGICA,33,odm_ (92 líneas),VIABLE,Archivo HAL - lógica de hardware portable
hal/hal_intf.c,unknown,LOGICA,91,hal_init (302 líneas),VIABLE,Archivo HAL - lógica de hardware portable
hal/hal_intf.c,unknown,LOGICA,175,hal_init (330 líneas),VIABLE,Archivo HAL - lógica de hardware portable
hal/hal_intf.c,unknown,LOGICA,376,"hw:hal_init,compat:ieee80211 (148 líneas)",VIABLE,Archivo HAL - lógica de hardware portable
hal/hal_intf.c,unknown,LOGICA,527,hal_init (1238 líneas),VIABLE,Archivo HAL - lógica de hardware portable
hal/hal_mp.c,unknown,LOGICA,1,_PHY_ (4810 líneas),VIABLE,Archivo HAL - lógica de hardware portable
hal/hal_phy.c,unknown,LOGICA,1,generic (4 líneas),VIABLE,Archivo HAL - lógica de hardware portable
hal/hal_phy.c,unknown,LOGICA,11,_PHY_ (41 líneas),VIABLE,Archivo HAL - lógica de hardware portable
hal/hal_phy.c,unknown,LOGICA,80,rf_ (18 líneas),VIABLE,Archivo HAL - lógica de hardware portable
hal/hal_phy.c,unknown,LOGICA,109,HAL_ (21 líneas),VIABLE,Archivo HAL - lógica de hardware portable
hal/hal_phy.c,unknown,LOGICA,133,HAL_ (93 líneas),VIABLE,Archivo HAL - lógica de hardware portable
hal/hal_phy.c,unknown,LOGICA,240,rf_ (16 líneas),VIABLE,Archivo HAL - lógica de hardware portable
hal/hal_phy.c,unknown,LOGICA,261,rf_ (14 líneas),VIABLE,Archivo HAL - lógica de hardware portable
hal/hal_phy.c,unknown,LOGICA,281,rf_ (3 líneas),VIABLE,Archivo HAL - lógica de hardware portable
hal/led/hal_usb_led.c,unknown,LOGICA,1,ps_ (9473 líneas),VIABLE,Archivo HAL - lógica de hardware portable
hal/phydm/halhwimg.h,unknown,LOGICA,1,rtl (260 líneas),VIABLE,Archivo HAL - lógica de hardware portable
hal/phydm/mp_precomp.h,unknown,LOGICA,1,generic (44 líneas),VIABLE,Archivo HAL - lógica de hardware portable
hal/phydm/phydm.c,unknown,LOGICA,1,_PHY_ (5982 líneas),VIABLE,Archivo HAL - lógica de hardware portable
hal/phydm/phydm_adaptivity.c,unknown,LOGICA,1,resume (1790 líneas),VIABLE,Archivo HAL - lógica de hardware portable
hal/phydm/phydm_adaptivity.h,unknown,LOGICA,1,resume (298 líneas),VIABLE,Archivo HAL - lógica de hardware portable
hal/phydm/phydm_antdect.c,unknown,LOGICA,1,resume (1852 líneas),VIABLE,Archivo HAL - lógica de hardware portable
hal/phydm/phydm_antdect.h,unknown,LOGICA,1,odm_ (176 líneas),VIABLE,Archivo HAL - lógica de hardware portable
hal/phydm/phydm_antdiv.c,unknown,LOGICA,1,_PHY_ (10963 líneas),VIABLE,Archivo HAL - lógica de hardware portable
hal/phydm/phydm_antdiv.h,unknown,LOGICA,1,_PHY_ (1112 líneas),VIABLE,Archivo HAL - lógica de hardware portable
hal/phydm/phydm_beamforming.h,unknown,LOGICA,1,odm_ (728 líneas),VIABLE,Archivo HAL - lógica de hardware portable
hal/phydm/phydm_cfotracking.c,unknown,LOGICA,1,phy_init (965 líneas),VIABLE,Archivo HAL - lógica de hardware portable
hal/phydm/phydm_cfotracking.h,unknown,LOGICA,1,phy_init (142 líneas),VIABLE,Archivo HAL - lógica de hardware portable
hal/phydm/phydm_debug.c,unknown,LOGICA,1,_PHY_ (8053 líneas),VIABLE,Archivo HAL - lógica de hardware portable
hal/phydm/phydm_debug.h,unknown,LOGICA,1,_PHY_ (815 líneas),VIABLE,Archivo HAL - lógica de hardware portable
hal/phydm/phydm_dfs.c,unknown,LOGICA,1,odm_ (2286 líneas),VIABLE,Archivo HAL - lógica de hardware portable
hal/phydm/phydm_dfs.h,unknown,LOGICA,1,odm_ (253 líneas),VIABLE,Archivo HAL - lógica de hardware portable
hal/phydm/phydm_dig.c,unknown,LOGICA,1,"hw:_PHY_,compat:WIRELESS_EXT (5540 líneas)",VIABLE,Archivo HAL - lógica de hardware portable
hal/phydm/phydm_dig.h,unknown,LOGICA,1,resume (702 líneas),VIABLE,Archivo HAL - lógica de hardware portable
hal/phydm/phydm_dynamictxpower.c,unknown,LOGICA,1,odm_ (1402 líneas),VIABLE,Archivo HAL - lógica de hardware portable
hal/phydm/phydm_dynamictxpower.h,unknown,LOGICA,1,odm_ (240 líneas),VIABLE,Archivo HAL - lógica de hardware portable
hal/phydm/phydm_features.h,unknown,LOGICA,1,odm_ (203 líneas),VIABLE,Archivo HAL - lógica de hardware portable
hal/phydm/phydm_hwconfig.c,unknown,LOGICA,1,_PHY_ (4974 líneas),VIABLE,Archivo HAL - lógica de hardware portable
hal/phydm/phydm_hwconfig.h,unknown,LOGICA,1,_PHY_ (585 líneas),VIABLE,Archivo HAL - lógica de hardware portable
hal/phydm/phydm_interface.c,unknown,LOGICA,1,_PHY_ (2494 líneas),VIABLE,Archivo HAL - lógica de hardware portable
hal/phydm/phydm_interface.h,unknown,LOGICA,1,odm_ (770 líneas),VIABLE,Archivo HAL - lógica de hardware portable
hal/phydm/phydm_noisemonitor.c,unknown,LOGICA,1,resume (766 líneas),VIABLE,Archivo HAL - lógica de hardware portable
hal/phydm/phydm_noisemonitor.h,unknown,LOGICA,1,odm_ (97 líneas),VIABLE,Archivo HAL - lógica de hardware portable
hal/phydm/phydm_pathdiv.c,unknown,LOGICA,1,_PHY_ (3426 líneas),VIABLE,Archivo HAL - lógica de hardware portable
hal/phydm/phydm_pathdiv.h,unknown,LOGICA,1,_PHY_ (469 líneas),VIABLE,Archivo HAL - lógica de hardware portable
hal/phydm/phydm_pre_define.h,unknown,LOGICA,1,_PHY_ (1605 líneas),VIABLE,Archivo HAL - lógica de hardware portable
hal/phydm/phydm_precomp.h,unknown,LOGICA,1,_PHY_ (947 líneas),VIABLE,Archivo HAL - lógica de hardware portable
hal/phydm/phydm_rainfo.c,unknown,LOGICA,1,ps_ (4970 líneas),VIABLE,Archivo HAL - lógica de hardware portable
hal/phydm/phydm_rainfo.h,unknown,LOGICA,1,ps_ (768 líneas),VIABLE,Archivo HAL - lógica de hardware portable
hal/phydm/phydm_reg.h,unknown,LOGICA,1,odm_ (451 líneas),VIABLE,Archivo HAL - lógica de hardware portable
hal/phydm/phydm_regdefine11ac.h,unknown,LOGICA,1,odm_ (199 líneas),VIABLE,Archivo HAL - lógica de hardware portable
hal/phydm/phydm_regdefine11n.h,unknown,LOGICA,1,odm_ (419 líneas),VIABLE,Archivo HAL - lógica de hardware portable
hal/phydm/phydm_types.h,unknown,LOGICA,1,ps_ (671 líneas),VIABLE,Archivo HAL - lógica de hardware portable
hal/phydm/rtl8192e/hal8192ereg.h,unknown,LOGICA,1,suspend (2220 líneas),VIABLE,Archivo HAL - lógica de hardware portable
hal/phydm/rtl8192e/halhwimg8192e_bb.c,unknown,LOGICA,1,_PHY_ (2988 líneas),VIABLE,Archivo HAL - lógica de hardware portable
hal/phydm/rtl8192e/halhwimg8192e_bb.h,unknown,LOGICA,1,_PHY_ (113 líneas),VIABLE,Archivo HAL - lógica de hardware portable
hal/phydm/rtl8192e/halhwimg8192e_mac.c,unknown,LOGICA,1,odm_ (575 líneas),VIABLE,Archivo HAL - lógica de hardware portable
hal/phydm/rtl8192e/halhwimg8192e_mac.h,unknown,LOGICA,1,odm_ (73 líneas),VIABLE,Archivo HAL - lógica de hardware portable
hal/phydm/rtl8192e/halhwimg8192e_rf.c,unknown,LOGICA,1,odm_ (4468 líneas),VIABLE,Archivo HAL - lógica de hardware portable
hal/phydm/rtl8192e/halhwimg8192e_rf.h,unknown,LOGICA,1,odm_ (213 líneas),VIABLE,Archivo HAL - lógica de hardware portable
hal/phydm/rtl8192e/phydm_regconfig8192e.c,unknown,LOGICA,1,_PHY_ (421 líneas),VIABLE,Archivo HAL - lógica de hardware portable
hal/phydm/rtl8192e/phydm_regconfig8192e.h,unknown,LOGICA,1,_PHY_ (142 líneas),VIABLE,Archivo HAL - lógica de hardware portable
hal/phydm/rtl8192e/phydm_rtl8192e.c,unknown,LOGICA,1,odm_ (495 líneas),VIABLE,Archivo HAL - lógica de hardware portable
hal/phydm/rtl8192e/phydm_rtl8192e.h,unknown,LOGICA,1,odm_ (87 líneas),VIABLE,Archivo HAL - lógica de hardware portable
hal/phydm/rtl8192e/version_rtl8192e.h,unknown,LOGICA,1,rtl (39 líneas),VIABLE,Archivo HAL - lógica de hardware portable
hal/phydm/txbf/halcomtxbf.c,unknown,LOGICA,1,odm_ (1071 líneas),VIABLE,Archivo HAL - lógica de hardware portable
hal/phydm/txbf/halcomtxbf.h,unknown,LOGICA,1,odm_ (364 líneas),VIABLE,Archivo HAL - lógica de hardware portable
hal/phydm/txbf/haltxbf8192e.c,unknown,LOGICA,1,odm_ (776 líneas),VIABLE,Archivo HAL - lógica de hardware portable
hal/phydm/txbf/haltxbf8192e.h,unknown,LOGICA,1,HAL_ (123 líneas),VIABLE,Archivo HAL - lógica de hardware portable
hal/phydm/txbf/haltxbf8814a.c,unknown,LOGICA,1,odm_ (1328 líneas),VIABLE,Archivo HAL - lógica de hardware portable
hal/phydm/txbf/haltxbf8814a.h,unknown,LOGICA,1,HAL_ (147 líneas),VIABLE,Archivo HAL - lógica de hardware portable
hal/phydm/txbf/haltxbf8822b.c,unknown,LOGICA,1,odm_ (2187 líneas),VIABLE,Archivo HAL - lógica de hardware portable
hal/phydm/txbf/haltxbf8822b.h,unknown,LOGICA,1,HAL_ (131 líneas),VIABLE,Archivo HAL - lógica de hardware portable
hal/phydm/txbf/haltxbfinterface.c,unknown,LOGICA,1,"hw:xmit,compat:ieee80211 (2868 líneas)",VIABLE,Archivo HAL - lógica de hardware portable
hal/phydm/txbf/haltxbfinterface.h,unknown,LOGICA,1,recv (325 líneas),VIABLE,Archivo HAL - lógica de hardware portable
hal/phydm/txbf/haltxbfjaguar.c,unknown,LOGICA,1,odm_ (1036 líneas),VIABLE,Archivo HAL - lógica de hardware portable
hal/phydm/txbf/haltxbfjaguar.h,unknown,LOGICA,1,HAL_ (145 líneas),VIABLE,Archivo HAL - lógica de hardware portable
hal/rtl8192e/Hal8192EPwrSeq.c,unknown,LOGICA,1,suspend (180 líneas),VIABLE,Archivo HAL - lógica de hardware portable
hal/rtl8192e/rtl8192e_cmd.c,unknown,LOGICA,1,"hw:hal_init,compat:ieee80211 (2482 líneas)",VIABLE,Archivo HAL - lógica de hardware portable
hal/rtl8192e/rtl8192e_dm.c,unknown,LOGICA,1,ps_ (780 líneas),VIABLE,Archivo HAL - lógica de hardware portable
hal/rtl8192e/rtl8192e_phycfg.c,unknown,LOGICA,1,phy_init (2507 líneas),VIABLE,Archivo HAL - lógica de hardware portable
hal/rtl8192e/rtl8192e_rf6052.c,unknown,LOGICA,1,_PHY_ (407 líneas),VIABLE,Archivo HAL - lógica de hardware portable
hal/rtl8192e/rtl8192e_rxdesc.c,unknown,LOGICA,1,generic (2 líneas),VIABLE,Archivo HAL - lógica de hardware portable
hal/rtl8192e/rtl8192e_rxdesc.c,unknown,LOGICA,11,recv (9 líneas),VIABLE,Archivo HAL - lógica de hardware portable
hal/rtl8192e/rtl8192e_rxdesc.c,unknown,LOGICA,28,_PHY_ (52 líneas),VIABLE,Archivo HAL - lógica de hardware portable
hal/rtl8192e/rtl8192e_sreset.c,unknown,LOGICA,1,xmit (218 líneas),VIABLE,Archivo HAL - lógica de hardware portable
hal/rtl8192e/rtl8192e_xmit.c,unknown,LOGICA,1,generic (2 líneas),VIABLE,Archivo HAL - lógica de hardware portable
hal/rtl8192e/rtl8192e_xmit.c,unknown,LOGICA,11,xmit (81 líneas),VIABLE,Archivo HAL - lógica de hardware portable
hal/rtl8192e/rtl8192e_xmit.c,unknown,LOGICA,87,rtl (8 líneas),VIABLE,Archivo HAL - lógica de hardware portable
hal/rtl8192e/rtl8192e_xmit.c,unknown,LOGICA,105,xmit (470 líneas),VIABLE,Archivo HAL - lógica de hardware portable
hal/rtl8192e/usb/rtl8192eu_led.c,unknown,LOGICA,1,generic (4 líneas),VIABLE,Archivo HAL - lógica de hardware portable
hal/rtl8192e/usb/rtl8192eu_led.c,unknown,LOGICA,11,rtl (38 líneas),VIABLE,Archivo HAL - lógica de hardware portable
hal/rtl8192e/usb/rtl8192eu_led.c,unknown,LOGICA,53,rtl (97 líneas),VIABLE,Archivo HAL - lógica de hardware portable
hal/rtl8192e/usb/rtl8192eu_led.c,unknown,LOGICA,116,generic (10 líneas),VIABLE,Archivo HAL - lógica de hardware portable
hal/rtl8192e/usb/rtl8192eu_led.c,unknown,LOGICA,132,rtl (132 líneas),VIABLE,Archivo HAL - lógica de hardware portable
hal/rtl8192e/usb/rtl8192eu_led.c,unknown,LOGICA,229,rtl (18 líneas),VIABLE,Archivo HAL - lógica de hardware portable
hal/rtl8192e/usb/rtl8192eu_recv.c,unknown,LOGICA,1,generic (4 líneas),VIABLE,Archivo HAL - lógica de hardware portable
hal/rtl8192e/usb/rtl8192eu_recv.c,unknown,LOGICA,11,recv (9 líneas),VIABLE,Archivo HAL - lógica de hardware portable
hal/rtl8192e/usb/rtl8192eu_recv.c,unknown,LOGICA,31,recv (1 líneas),VIABLE,Archivo HAL - lógica de hardware portable
hal/rtl8192e/usb/rtl8192eu_xmit.c,unknown,LOGICA,1,generic (4 líneas),VIABLE,Archivo HAL - lógica de hardware portable
hal/rtl8192e/usb/rtl8192eu_xmit.c,unknown,LOGICA,11,xmit (9 líneas),VIABLE,Archivo HAL - lógica de hardware portable
hal/rtl8192e/usb/rtl8192eu_xmit.c,unknown,LOGICA,30,xmit (4 líneas),VIABLE,Archivo HAL - lógica de hardware portable
hal/rtl8192e/usb/rtl8192eu_xmit.c,unknown,LOGICA,42,xmit (106 líneas),VIABLE,Archivo HAL - lógica de hardware portable
hal/rtl8192e/usb/rtl8192eu_xmit.c,unknown,LOGICA,160,"hw:rtl,compat:ieee80211 (56 líneas)",VIABLE,Archivo HAL - lógica de hardware portable
hal/rtl8192e/usb/rtl8192eu_xmit.c,unknown,LOGICA,213,xmit (71 líneas),VIABLE,Archivo HAL - lógica de hardware portable
hal/rtl8192e/usb/rtl8192eu_xmit.c,unknown,LOGICA,301,xmit (1 líneas),VIABLE,Archivo HAL - lógica de hardware portable
hal/rtl8192e/usb/rtl8192eu_xmit.c,unknown,LOGICA,309,ps_ (23 líneas),VIABLE,Archivo HAL - lógica de hardware portable
hal/rtl8192e/usb/rtl8192eu_xmit.c,unknown,LOGICA,352,xmit (4 líneas),VIABLE,Archivo HAL - lógica de hardware portable
hal/rtl8192e/usb/rtl8192eu_xmit.c,unknown,LOGICA,370,xmit (87 líneas),VIABLE,Archivo HAL - lógica de hardware portable
hal/rtl8192e/usb/rtl8192eu_xmit.c,unknown,LOGICA,474,xmit (8 líneas),VIABLE,Archivo HAL - lógica de hardware portable
hal/rtl8192e/usb/rtl8192eu_xmit.c,unknown,LOGICA,492,xmit (106 líneas),VIABLE,Archivo HAL - lógica de hardware portable
hal/rtl8192e/usb/rtl8192eu_xmit.c,unknown,LOGICA,617,xmit (69 líneas),VIABLE,Archivo HAL - lógica de hardware portable
hal/rtl8192e/usb/rtl8192eu_xmit.c,unknown,LOGICA,708,generic (2 líneas),VIABLE,Archivo HAL - lógica de hardware portable
hal/rtl8192e/usb/rtl8192eu_xmit.c,unknown,LOGICA,723,xmit (61 líneas),VIABLE,Archivo HAL - lógica de hardware portable
hal/rtl8192e/usb/rtl8192eu_xmit.c,unknown,LOGICA,770,xmit (71 líneas),VIABLE,Archivo HAL - lógica de hardware portable
hal/rtl8192e/usb/rtl8192eu_xmit.c,unknown,LOGICA,851,xmit (10 líneas),VIABLE,Archivo HAL - lógica de hardware portable
hal/rtl8192e/usb/rtl8192eu_xmit.c,unknown,LOGICA,871,xmit (11 líneas),VIABLE,Archivo HAL - lógica de hardware portable
hal/rtl8192e/usb/rtl8192eu_xmit.c,unknown,LOGICA,916,xmit (1 líneas),VIABLE,Archivo HAL - lógica de hardware portable
hal/rtl8192e/usb/rtl8192eu_xmit.c,unknown,LOGICA,943,"hw:xmit,compat:ieee80211 (44 líneas)",VIABLE,Archivo HAL - lógica de hardware portable
hal/rtl8192e/usb/rtl8192eu_xmit.c,unknown,LOGICA,1008,xmit (82 líneas),VIABLE,Archivo HAL - lógica de hardware portable
hal/rtl8192e/usb/rtl8192eu_xmit.c,unknown,LOGICA,1095,generic (1 líneas),VIABLE,Archivo HAL - lógica de hardware portable
hal/rtl8192e/usb/usb_ops_linux.c,unknown,LOGICA,1,generic (4 líneas),VIABLE,Archivo HAL - lógica de hardware portable
hal/rtl8192e/usb/usb_ops_linux.c,unknown,LOGICA,11,ps_ (40 líneas),VIABLE,Archivo HAL - lógica de hardware portable
hal/rtl8192e/usb/usb_ops_linux.c,unknown,LOGICA,58,_PHY_ (279 líneas),VIABLE,Archivo HAL - lógica de hardware portable
hal/rtl8192e/usb/usb_ops_linux.c,unknown,LOGICA,326,recv (29 líneas),VIABLE,Archivo HAL - lógica de hardware portable
hal/rtl8192e/usb/usb_ops_linux.c,unknown,LOGICA,363,"hw:_PHY_,compat:ieee80211 (100 líneas)",VIABLE,Archivo HAL - lógica de hardware portable
hal/rtl8192e/usb/usb_ops_linux.c,unknown,LOGICA,465,xmit (43 líneas),VIABLE,Archivo HAL - lógica de hardware portable
include/Hal8188EPhyCfg.h,unknown,LOGICA,1,_PHY_ (527 líneas),VIABLE,Archivo include - header portable
include/Hal8188EPhyReg.h,unknown,LOGICA,1,_PHY_ (2206 líneas),VIABLE,Archivo include - header portable
include/Hal8188EPwrSeq.h,unknown,LOGICA,1,suspend (346 líneas),VIABLE,Archivo include - header portable
include/Hal8188FPhyCfg.h,unknown,LOGICA,1,generic (2 líneas),VIABLE,Archivo include - header portable
include/Hal8188FPhyCfg.h,unknown,LOGICA,11,generic (17 líneas),VIABLE,Archivo include - header portable
include/Hal8188FPhyCfg.h,unknown,LOGICA,44,rtl (128 líneas),VIABLE,Archivo include - header portable
include/Hal8188FPhyReg.h,unknown,LOGICA,1,generic (2 líneas),VIABLE,Archivo include - header portable
include/Hal8188FPhyReg.h,unknown,LOGICA,11,rf_ (43 líneas),VIABLE,Archivo include - header portable
include/Hal8188FPhyReg.h,unknown,LOGICA,68,rf_ (30 líneas),VIABLE,Archivo include - header portable
include/Hal8188FPhyReg.h,unknown,LOGICA,103,generic (144 líneas),VIABLE,Archivo include - header portable
include/Hal8188FPhyReg.h,unknown,LOGICA,227,generic (4 líneas),VIABLE,Archivo include - header portable
include/Hal8188FPhyReg.h,unknown,LOGICA,248,generic (8 líneas),VIABLE,Archivo include - header portable
include/Hal8188FPhyReg.h,unknown,LOGICA,265,dm_ (12 líneas),VIABLE,Archivo include - header portable
include/Hal8188FPhyReg.h,unknown,LOGICA,284,dm_ (6 líneas),VIABLE,Archivo include - header portable
include/Hal8188FPhyReg.h,unknown,LOGICA,301,generic (2 líneas),VIABLE,Archivo include - header portable
include/Hal8188FPhyReg.h,unknown,LOGICA,338,rtl (182 líneas),VIABLE,Archivo include - header portable
include/Hal8188FPhyReg.h,unknown,LOGICA,506,bb_ (306 líneas),VIABLE,Archivo include - header portable
include/Hal8188FPhyReg.h,unknown,LOGICA,690,generic (2 líneas),VIABLE,Archivo include - header portable
include/Hal8188FPhyReg.h,unknown,LOGICA,704,generic (6 líneas),VIABLE,Archivo include - header portable
include/Hal8188FPhyReg.h,unknown,LOGICA,741,generic (8 líneas),VIABLE,Archivo include - header portable
include/Hal8188FPhyReg.h,unknown,LOGICA,850,generic (4 líneas),VIABLE,Archivo include - header portable
include/Hal8188FPhyReg.h,unknown,LOGICA,885,generic (2 líneas),VIABLE,Archivo include - header portable
include/Hal8188FPhyReg.h,unknown,LOGICA,895,generic (16 líneas),VIABLE,Archivo include - header portable
include/Hal8188FPhyReg.h,unknown,LOGICA,916,generic (12 líneas),VIABLE,Archivo include - header portable
include/Hal8188FPhyReg.h,unknown,LOGICA,934,generic (6 líneas),VIABLE,Archivo include - header portable
include/Hal8188FPhyReg.h,unknown,LOGICA,949,generic (14 líneas),VIABLE,Archivo include - header portable
include/Hal8188FPhyReg.h,unknown,LOGICA,980,generic (4 líneas),VIABLE,Archivo include - header portable
include/Hal8188FPhyReg.h,unknown,LOGICA,989,generic (4 líneas),VIABLE,Archivo include - header portable
include/Hal8188FPhyReg.h,unknown,LOGICA,1006,generic (4 líneas),VIABLE,Archivo include - header portable
include/Hal8188FPhyReg.h,unknown,LOGICA,1017,generic (6 líneas),VIABLE,Archivo include - header portable
include/Hal8188FPhyReg.h,unknown,LOGICA,1029,rtl (18 líneas),VIABLE,Archivo include - header portable
include/Hal8188FPhyReg.h,unknown,LOGICA,1054,generic (4 líneas),VIABLE,Archivo include - header portable
include/Hal8188FPhyReg.h,unknown,LOGICA,1064,_PHY_ (42 líneas),VIABLE,Archivo include - header portable
include/Hal8188FPhyReg.h,unknown,LOGICA,1109,generic (16 líneas),VIABLE,Archivo include - header portable
include/Hal8188FPhyReg.h,unknown,LOGICA,1133,generic (2 líneas),VIABLE,Archivo include - header portable
include/Hal8188FPhyReg.h,unknown,LOGICA,1168,generic (1 líneas),VIABLE,Archivo include - header portable
include/Hal8188FPwrSeq.h,unknown,LOGICA,1,rtl (16 líneas),VIABLE,Archivo include - header portable
include/Hal8188FPwrSeq.h,unknown,LOGICA,20,ps_ (2 líneas),VIABLE,Archivo include - header portable
include/Hal8188FPwrSeq.h,unknown,LOGICA,31,suspend (106 líneas),VIABLE,Archivo include - header portable
include/Hal8188FPwrSeq.h,unknown,LOGICA,143,generic (6 líneas),VIABLE,Archivo include - header portable
include/Hal8188FPwrSeq.h,unknown,LOGICA,163,suspend (55 líneas),VIABLE,Archivo include - header portable
include/Hal8192EPhyCfg.h,unknown,LOGICA,1,rf_ (314 líneas),VIABLE,Archivo include - header portable
include/Hal8192EPhyReg.h,unknown,LOGICA,1,_PHY_ (2279 líneas),VIABLE,Archivo include - header portable
include/Hal8192EPwrSeq.h,unknown,LOGICA,1,suspend (324 líneas),VIABLE,Archivo include - header portable
include/Hal8703BPhyCfg.h,unknown,LOGICA,1,rf_ (260 líneas),VIABLE,Archivo include - header portable
include/Hal8703BPhyReg.h,unknown,LOGICA,1,_PHY_ (2272 líneas),VIABLE,Archivo include - header portable
include/Hal8703BPwrSeq.h,unknown,LOGICA,1,suspend (382 líneas),VIABLE,Archivo include - header portable
include/Hal8723BPhyCfg.h,unknown,LOGICA,1,rf_ (265 líneas),VIABLE,Archivo include - header portable
include/Hal8723BPhyReg.h,unknown,LOGICA,1,_PHY_ (2268 líneas),VIABLE,Archivo include - header portable
include/Hal8723BPwrSeq.h,unknown,LOGICA,1,suspend (479 líneas),VIABLE,Archivo include - header portable
include/Hal8723PwrSeq.h,unknown,LOGICA,1,suspend (353 líneas),VIABLE,Archivo include - header portable
include/Hal8812PhyCfg.h,unknown,LOGICA,1,rf_ (299 líneas),VIABLE,Archivo include - header portable
include/Hal8812PhyReg.h,unknown,LOGICA,1,rf_ (1474 líneas),VIABLE,Archivo include - header portable
include/Hal8812PwrSeq.h,unknown,LOGICA,1,suspend (418 líneas),VIABLE,Archivo include - header portable
include/Hal8814PhyCfg.h,unknown,LOGICA,1,HAL_ (518 líneas),VIABLE,Archivo include - header portable
include/Hal8814PhyReg.h,unknown,LOGICA,1,rf_ (1730 líneas),VIABLE,Archivo include - header portable
include/Hal8814PwrSeq.h,unknown,LOGICA,1,suspend (468 líneas),VIABLE,Archivo include - header portable
include/HalPwrSeqCmd.h,unknown,LOGICA,1,generic (268 líneas),VIABLE,Archivo include - header portable
include/HalVerDef.h,unknown,LOGICA,1,generic (4 líneas),VIABLE,Archivo include - header portable
include/HalVerDef.h,unknown,LOGICA,11,HAL_ (14 líneas),VIABLE,Archivo include - header portable
include/HalVerDef.h,unknown,LOGICA,34,HAL_ (146 líneas),VIABLE,Archivo include - header portable
include/HalVerDef.h,unknown,LOGICA,142,HAL_ (97 líneas),VIABLE,Archivo include - header portable
include/autoconf.h,unknown,LOGICA,1,generic (4 líneas),VIABLE,Archivo include - header portable
include/autoconf.h,unknown,LOGICA,11,"hw:resume,compat:cfg80211 (177 líneas)",VIABLE,Archivo include - header portable
include/autoconf.h,unknown,LOGICA,231,rtl (4 líneas),VIABLE,Archivo include - header portable
include/autoconf.h,unknown,LOGICA,241,rtl (8 líneas),VIABLE,Archivo include - header portable
include/autoconf.h,unknown,LOGICA,258,rtl (13 líneas),VIABLE,Archivo include - header portable
include/autoconf.h,unknown,LOGICA,285,hal_init (62 líneas),VIABLE,Archivo include - header portable
include/basic_types.h,unknown,LOGICA,1,generic (4 líneas),VIABLE,Archivo include - header portable
include/basic_types.h,unknown,LOGICA,11,generic (7 líneas),VIABLE,Archivo include - header portable
include/basic_types.h,unknown,LOGICA,27,generic (8 líneas),VIABLE,Archivo include - header portable
include/basic_types.h,unknown,LOGICA,46,generic (2 líneas),VIABLE,Archivo include - header portable
include/basic_types.h,unknown,LOGICA,55,generic (2 líneas),VIABLE,Archivo include - header portable
include/basic_types.h,unknown,LOGICA,82,generic (35 líneas),VIABLE,Archivo include - header portable
include/basic_types.h,unknown,LOGICA,123,generic (35 líneas),VIABLE,Archivo include - header portable
include/basic_types.h,unknown,LOGICA,209,generic (12 líneas),VIABLE,Archivo include - header portable
include/basic_types.h,unknown,LOGICA,370,generic (7 líneas),VIABLE,Archivo include - header portable
include/byteorder/big_endian.h,unknown,LOGICA,1,generic (4 líneas),VIABLE,Archivo include - header portable
include/byteorder/big_endian.h,unknown,LOGICA,11,generic (11 líneas),VIABLE,Archivo include - header portable
include/byteorder/big_endian.h,unknown,LOGICA,63,generic (12 líneas),VIABLE,Archivo include - header portable
include/byteorder/big_endian.h,unknown,LOGICA,85,generic (1 líneas),VIABLE,Archivo include - header portable
include/byteorder/generic.h,unknown,LOGICA,1,generic (4 líneas),VIABLE,Archivo include - header portable
include/byteorder/generic.h,unknown,LOGICA,11,generic (7 líneas),VIABLE,Archivo include - header portable
include/byteorder/generic.h,unknown,LOGICA,99,generic (80 líneas),VIABLE,Archivo include - header portable
include/byteorder/generic.h,unknown,LOGICA,165,generic (61 líneas),VIABLE,Archivo include - header portable
include/byteorder/little_endian.h,unknown,LOGICA,1,generic (4 líneas),VIABLE,Archivo include - header portable
include/byteorder/little_endian.h,unknown,LOGICA,11,generic (118 líneas),VIABLE,Archivo include - header portable
include/byteorder/swab.h,unknown,LOGICA,1,generic (4 líneas),VIABLE,Archivo include - header portable
include/byteorder/swab.h,unknown,LOGICA,11,generic (60 líneas),VIABLE,Archivo include - header portable
include/byteorder/swab.h,unknown,LOGICA,86,generic (2 líneas),VIABLE,Archivo include - header portable
include/byteorder/swab.h,unknown,LOGICA,95,generic (2 líneas),VIABLE,Archivo include - header portable
include/byteorder/swab.h,unknown,LOGICA,103,generic (39 líneas),VIABLE,Archivo include - header portable
include/byteorder/swabb.h,unknown,LOGICA,1,generic (4 líneas),VIABLE,Archivo include - header portable
include/byteorder/swabb.h,unknown,LOGICA,11,bb_ (7 líneas),VIABLE,Archivo include - header portable
include/byteorder/swabb.h,unknown,LOGICA,45,generic (48 líneas),VIABLE,Archivo include - header portable
include/byteorder/swabb.h,unknown,LOGICA,98,generic (12 líneas),VIABLE,Archivo include - header portable
include/byteorder/swabb.h,unknown,LOGICA,139,bb_ (19 líneas),VIABLE,Archivo include - header portable
include/circ_buf.h,unknown,LOGICA,1,generic (4 líneas),VIABLE,Archivo include - header portable
include/circ_buf.h,unknown,LOGICA,11,generic (7 líneas),VIABLE,Archivo include - header portable
include/cmd_osdep.h,unknown,LOGICA,1,generic (4 líneas),VIABLE,Archivo include - header portable
include/cmd_osdep.h,unknown,LOGICA,11,generic (14 líneas),VIABLE,Archivo include - header portable
include/custom_gpio.h,unknown,LOGICA,1,generic (26 líneas),VIABLE,Archivo include - header portable
include/drv_conf.h,unknown,LOGICA,1,generic (4 líneas),VIABLE,Archivo include - header portable
include/drv_conf.h,unknown,LOGICA,11,"hw:suspend,compat:cfg80211 (168 líneas)",VIABLE,Archivo include - header portable
include/drv_conf.h,unknown,LOGICA,76,xmit (135 líneas),VIABLE,Archivo include - header portable
include/drv_conf.h,unknown,LOGICA,102,generic (8 líneas),VIABLE,Archivo include - header portable
include/drv_conf.h,unknown,LOGICA,122,"hw:xmit,compat:ieee80211 (110 líneas)",VIABLE,Archivo include - header portable
include/drv_conf.h,unknown,LOGICA,178,"hw:rtl,compat:ieee80211 (133 líneas)",VIABLE,Archivo include - header portable
include/drv_conf.h,unknown,LOGICA,204,"hw:suspend,compat:wext_ (118 líneas)",VIABLE,Archivo include - header portable
include/drv_types.h,unknown,LOGICA,1,generic (2 líneas),VIABLE,Archivo include - header portable
include/drv_types.h,unknown,LOGICA,11,generic (7 líneas),VIABLE,Archivo include - header portable
include/drv_types.h,unknown,LOGICA,60,generic (12 líneas),VIABLE,Archivo include - header portable
include/drv_types.h,unknown,LOGICA,83,xmit (3 líneas),VIABLE,Archivo include - header portable
include/drv_types.h,unknown,LOGICA,98,HAL_ (46 líneas),VIABLE,Archivo include - header portable
include/drv_types.h,unknown,LOGICA,152,generic (13 líneas),VIABLE,Archivo include - header portable
include/drv_types.h,unknown,LOGICA,163,rf_ (2 líneas),VIABLE,Archivo include - header portable
include/drv_types.h,unknown,LOGICA,172,ps_ (168 líneas),VIABLE,Archivo include - header portable
include/drv_types.h,unknown,LOGICA,301,"hw:_PHY_,compat:ieee80211 (42 líneas)",VIABLE,Archivo include - header portable
include/drv_types.h,unknown,LOGICA,365,suspend (109 líneas),VIABLE,Archivo include - header portable
include/drv_types.h,unknown,LOGICA,380,generic (52 líneas),VIABLE,Archivo include - header portable
include/drv_types.h,unknown,LOGICA,418,generic (10 líneas),VIABLE,Archivo include - header portable
include/drv_types.h,unknown,LOGICA,455,generic (1 líneas),VIABLE,Archivo include - header portable
include/drv_types.h,unknown,LOGICA,548,generic (2 líneas),VIABLE,Archivo include - header portable
include/drv_types.h,unknown,LOGICA,580,generic (19 líneas),VIABLE,Archivo include - header portable
include/drv_types.h,unknown,LOGICA,645,generic (8 líneas),VIABLE,Archivo include - header portable
include/drv_types.h,unknown,LOGICA,662,"hw:rtl,compat:ieee80211 (297 líneas)",VIABLE,Archivo include - header portable
include/drv_types.h,unknown,LOGICA,715,"hw:rf_,compat:init_MUTEX (9 líneas)",VIABLE,Archivo include - header portable
include/drv_types.h,unknown,LOGICA,722,"hw:xmit,compat:cfg80211 (110 líneas)",VIABLE,Archivo include - header portable
include/drv_types.h,unknown,LOGICA,787,generic (56 líneas),VIABLE,Archivo include - header portable
include/drv_types.h,unknown,LOGICA,851,"hw:suspend,compat:cfg80211 (69 líneas)",VIABLE,Archivo include - header portable
include/drv_types.h,unknown,LOGICA,878,rf_ (21 líneas),VIABLE,Archivo include - header portable
include/drv_types.h,unknown,LOGICA,901,recv (51 líneas),VIABLE,Archivo include - header portable
include/drv_types.h,unknown,LOGICA,946,"hw:xmit,compat:cfg80211 (70 líneas)",VIABLE,Archivo include - header portable
include/drv_types.h,unknown,LOGICA,1023,xmit (39 líneas),VIABLE,Archivo include - header portable
include/drv_types.h,unknown,LOGICA,1096,suspend (57 líneas),VIABLE,Archivo include - header portable
include/drv_types.h,unknown,LOGICA,1154,xmit (95 líneas),VIABLE,Archivo include - header portable
include/drv_types.h,unknown,LOGICA,1203,generic (17 líneas),VIABLE,Archivo include - header portable
include/drv_types.h,unknown,LOGICA,1213,generic (28 líneas),VIABLE,Archivo include - header portable
include/drv_types.h,unknown,LOGICA,1256,suspend (62 líneas),VIABLE,Archivo include - header portable
include/drv_types_ce.h,unknown,LOGICA,1,generic (4 líneas),VIABLE,Archivo include - header portable
include/drv_types_ce.h,unknown,LOGICA,11,generic (7 líneas),VIABLE,Archivo include - header portable
include/drv_types_ce.h,unknown,LOGICA,31,generic (53 líneas),VIABLE,Archivo include - header portable
include/drv_types_ce.h,unknown,LOGICA,90,generic (1 líneas),VIABLE,Archivo include - header portable
include/drv_types_gspi.h,unknown,LOGICA,1,generic (105 líneas),VIABLE,Archivo include - header portable
include/drv_types_linux.h,unknown,LOGICA,1,generic (4 líneas),VIABLE,Archivo include - header portable
include/drv_types_linux.h,unknown,LOGICA,11,generic (8 líneas),VIABLE,Archivo include - header portable
include/drv_types_pci.h,unknown,LOGICA,1,HAL_ (333 líneas),VIABLE,Archivo include - header portable
include/drv_types_sdio.h,unknown,LOGICA,1,generic (175 líneas),VIABLE,Archivo include - header portable
include/drv_types_xp.h,unknown,LOGICA,1,generic (4 líneas),VIABLE,Archivo include - header portable
include/drv_types_xp.h,unknown,LOGICA,11,generic (7 líneas),VIABLE,Archivo include - header portable
include/drv_types_xp.h,unknown,LOGICA,29,generic (71 líneas),VIABLE,Archivo include - header portable
include/drv_types_xp.h,unknown,LOGICA,92,generic (1 líneas),VIABLE,Archivo include - header portable
include/ethernet.h,unknown,LOGICA,1,generic (4 líneas),VIABLE,Archivo include - header portable
include/ethernet.h,unknown,LOGICA,11,generic (40 líneas),VIABLE,Archivo include - header portable
include/gspi_hal.h,unknown,LOGICA,1,generic (2 líneas),VIABLE,Archivo include - header portable
include/gspi_hal.h,unknown,LOGICA,11,HAL_ (7 líneas),VIABLE,Archivo include - header portable
include/gspi_hal.h,unknown,LOGICA,25,HAL_ (7 líneas),VIABLE,Archivo include - header portable
include/gspi_ops.h,unknown,LOGICA,1,generic (2 líneas),VIABLE,Archivo include - header portable
include/gspi_ops.h,unknown,LOGICA,11,ps_ (7 líneas),VIABLE,Archivo include - header portable
include/gspi_ops.h,unknown,LOGICA,25,suspend (80 líneas),VIABLE,Archivo include - header portable
include/gspi_ops.h,unknown,LOGICA,96,generic (58 líneas),VIABLE,Archivo include - header portable
include/gspi_ops.h,unknown,LOGICA,147,HAL_ (6 líneas),VIABLE,Archivo include - header portable
include/gspi_ops.h,unknown,LOGICA,161,ps_ (34 líneas),VIABLE,Archivo include - header portable
include/gspi_ops_linux.h,unknown,LOGICA,1,generic (2 líneas),VIABLE,Archivo include - header portable
include/gspi_ops_linux.h,unknown,LOGICA,11,ps_ (8 líneas),VIABLE,Archivo include - header portable
include/gspi_osintf.h,unknown,LOGICA,1,generic (2 líneas),VIABLE,Archivo include - header portable
include/gspi_osintf.h,unknown,LOGICA,11,generic (14 líneas),VIABLE,Archivo include - header portable
include/h2clbk.h,unknown,LOGICA,1,generic (4 líneas),VIABLE,Archivo include - header portable
include/h2clbk.h,unknown,LOGICA,11,generic (7 líneas),VIABLE,Archivo include - header portable
include/h2clbk.h,unknown,LOGICA,26,generic (3 líneas),VIABLE,Archivo include - header portable
include/hal_btcoex.h,unknown,LOGICA,1,generic (2 líneas),VIABLE,Archivo include - header portable
include/hal_btcoex.h,unknown,LOGICA,11,HAL_ (14 líneas),VIABLE,Archivo include - header portable
include/hal_btcoex.h,unknown,LOGICA,39,HAL_ (5 líneas),VIABLE,Archivo include - header portable
include/hal_btcoex.h,unknown,LOGICA,59,suspend (3 líneas),VIABLE,Archivo include - header portable
include/hal_btcoex.h,unknown,LOGICA,69,_PHY_ (30 líneas),VIABLE,Archivo include - header portable
include/hal_com.h,unknown,LOGICA,1,generic (4 líneas),VIABLE,Archivo include - header portable
include/hal_com.h,unknown,LOGICA,11,HAL_ (7 líneas),VIABLE,Archivo include - header portable
include/hal_com.h,unknown,LOGICA,28,HAL_ (16 líneas),VIABLE,Archivo include - header portable
include/hal_com.h,unknown,LOGICA,50,generic (2 líneas),VIABLE,Archivo include - header portable
include/hal_com.h,unknown,LOGICA,124,dm_ (183 líneas),VIABLE,Archivo include - header portable
include/hal_com.h,unknown,LOGICA,213,_PHY_ (112 líneas),VIABLE,Archivo include - header portable
include/hal_com.h,unknown,LOGICA,291,HAL_ (4 líneas),VIABLE,Archivo include - header portable
include/hal_com.h,unknown,LOGICA,300,hal_init (234 líneas),VIABLE,Archivo include - header portable
include/hal_com.h,unknown,LOGICA,492,_PHY_ (228 líneas),VIABLE,Archivo include - header portable
include/hal_com_h2c.h,unknown,LOGICA,1,generic (2 líneas),VIABLE,Archivo include - header portable
include/hal_com_h2c.h,unknown,LOGICA,11,ps_ (79 líneas),VIABLE,Archivo include - header portable
include/hal_com_h2c.h,unknown,LOGICA,64,generic (6 líneas),VIABLE,Archivo include - header portable
include/hal_com_h2c.h,unknown,LOGICA,77,ps_ (106 líneas),VIABLE,Archivo include - header portable
include/hal_com_h2c.h,unknown,LOGICA,173,ps_ (9 líneas),VIABLE,Archivo include - header portable
include/hal_com_h2c.h,unknown,LOGICA,190,generic (1 líneas),VIABLE,Archivo include - header portable
include/hal_com_h2c.h,unknown,LOGICA,203,generic (5 líneas),VIABLE,Archivo include - header portable
include/hal_com_h2c.h,unknown,LOGICA,218,HAL_ (55 líneas),VIABLE,Archivo include - header portable
include/hal_com_h2c.h,unknown,LOGICA,244,ps_ (138 líneas),VIABLE,Archivo include - header portable
include/hal_com_h2c.h,unknown,LOGICA,264,generic (13 líneas),VIABLE,Archivo include - header portable
include/hal_com_h2c.h,unknown,LOGICA,275,generic (7 líneas),VIABLE,Archivo include - header portable
include/hal_com_h2c.h,unknown,LOGICA,290,ps_ (64 líneas),VIABLE,Archivo include - header portable
include/hal_com_h2c.h,unknown,LOGICA,332,generic (8 líneas),VIABLE,Archivo include - header portable
include/hal_com_h2c.h,unknown,LOGICA,347,HAL_ (45 líneas),VIABLE,Archivo include - header portable
include/hal_com_led.h,unknown,LOGICA,1,generic (4 líneas),VIABLE,Archivo include - header portable
include/hal_com_led.h,unknown,LOGICA,11,ps_ (48 líneas),VIABLE,Archivo include - header portable
include/hal_com_led.h,unknown,LOGICA,84,generic (2 líneas),VIABLE,Archivo include - header portable
include/hal_com_led.h,unknown,LOGICA,95,ps_ (56 líneas),VIABLE,Archivo include - header portable
include/hal_com_led.h,unknown,LOGICA,144,ps_ (283 líneas),VIABLE,Archivo include - header portable
include/hal_com_led.h,unknown,LOGICA,384,HAL_ (50 líneas),VIABLE,Archivo include - header portable
include/hal_com_phycfg.h,unknown,LOGICA,1,generic (4 líneas),VIABLE,Archivo include - header portable
include/hal_com_phycfg.h,unknown,LOGICA,11,HAL_ (19 líneas),VIABLE,Archivo include - header portable
include/hal_com_phycfg.h,unknown,LOGICA,34,phy_init (431 líneas),VIABLE,Archivo include - header portable
include/hal_com_phycfg.h,unknown,LOGICA,263,_PHY_ (26 líneas),VIABLE,Archivo include - header portable
include/hal_com_reg.h,unknown,LOGICA,1,generic (4 líneas),VIABLE,Archivo include - header portable
include/hal_com_reg.h,unknown,LOGICA,11,ps_ (31 líneas),VIABLE,Archivo include - header portable
include/hal_com_reg.h,unknown,LOGICA,50,ps_ (2 líneas),VIABLE,Archivo include - header portable
include/hal_com_reg.h,unknown,LOGICA,59,_PHY_ (4 líneas),VIABLE,Archivo include - header portable
include/hal_com_reg.h,unknown,LOGICA,81,suspend (19 líneas),VIABLE,Archivo include - header portable
include/hal_com_reg.h,unknown,LOGICA,102,_PHY_ (18 líneas),VIABLE,Archivo include - header portable
include/hal_com_reg.h,unknown,LOGICA,124,rtl (5 líneas),VIABLE,Archivo include - header portable
include/hal_com_reg.h,unknown,LOGICA,146,rtl (4 líneas),VIABLE,Archivo include - header portable
include/hal_com_reg.h,unknown,LOGICA,164,generic (36 líneas),VIABLE,Archivo include - header portable
include/hal_com_reg.h,unknown,LOGICA,202,rtl (18 líneas),VIABLE,Archivo include - header portable
include/hal_com_reg.h,unknown,LOGICA,254,generic (4 líneas),VIABLE,Archivo include - header portable
include/hal_com_reg.h,unknown,LOGICA,265,generic (1 líneas),VIABLE,Archivo include - header portable
include/hal_com_reg.h,unknown,LOGICA,288,generic (5 líneas),VIABLE,Archivo include - header portable
include/hal_com_reg.h,unknown,LOGICA,312,generic (17 líneas),VIABLE,Archivo include - header portable
include/hal_com_reg.h,unknown,LOGICA,341,generic (30 líneas),VIABLE,Archivo include - header portable
include/hal_com_reg.h,unknown,LOGICA,363,generic (9 líneas),VIABLE,Archivo include - header portable
include/hal_com_reg.h,unknown,LOGICA,385,generic (12 líneas),VIABLE,Archivo include - header portable
include/hal_com_reg.h,unknown,LOGICA,408,dm_ (19 líneas),VIABLE,Archivo include - header portable
include/hal_com_reg.h,unknown,LOGICA,435,generic (26 líneas),VIABLE,Archivo include - header portable
include/hal_com_reg.h,unknown,LOGICA,462,ps_ (6 líneas),VIABLE,Archivo include - header portable
include/hal_com_reg.h,unknown,LOGICA,482,generic (42 líneas),VIABLE,Archivo include - header portable
include/hal_com_reg.h,unknown,LOGICA,501,ps_ (183 líneas),VIABLE,Archivo include - header portable
include/hal_com_reg.h,unknown,LOGICA,637,generic (6 líneas),VIABLE,Archivo include - header portable
include/hal_com_reg.h,unknown,LOGICA,651,usb_intr (88 líneas),VIABLE,Archivo include - header portable
include/hal_com_reg.h,unknown,LOGICA,702,generic (2 líneas),VIABLE,Archivo include - header portable
include/hal_com_reg.h,unknown,LOGICA,711,generic (2 líneas),VIABLE,Archivo include - header portable
include/hal_com_reg.h,unknown,LOGICA,721,generic (4 líneas),VIABLE,Archivo include - header portable
include/hal_com_reg.h,unknown,LOGICA,735,generic (2 líneas),VIABLE,Archivo include - header portable
include/hal_com_reg.h,unknown,LOGICA,744,generic (2 líneas),VIABLE,Archivo include - header portable
include/hal_com_reg.h,unknown,LOGICA,755,dm_ (42 líneas),VIABLE,Archivo include - header portable
include/hal_com_reg.h,unknown,LOGICA,791,HAL_ (452 líneas),VIABLE,Archivo include - header portable
include/hal_com_reg.h,unknown,LOGICA,1047,rtl (118 líneas),VIABLE,Archivo include - header portable
include/hal_com_reg.h,unknown,LOGICA,1120,bb_ (2 líneas),VIABLE,Archivo include - header portable
include/hal_com_reg.h,unknown,LOGICA,1138,ps_ (2 líneas),VIABLE,Archivo include - header portable
include/hal_com_reg.h,unknown,LOGICA,1166,rf_ (8 líneas),VIABLE,Archivo include - header portable
include/hal_com_reg.h,unknown,LOGICA,1194,rtl (4 líneas),VIABLE,Archivo include - header portable
include/hal_com_reg.h,unknown,LOGICA,1205,generic (17 líneas),VIABLE,Archivo include - header portable
include/hal_com_reg.h,unknown,LOGICA,1221,generic (2 líneas),VIABLE,Archivo include - header portable
include/hal_com_reg.h,unknown,LOGICA,1233,ps_ (20 líneas),VIABLE,Archivo include - header portable
include/hal_com_reg.h,unknown,LOGICA,1273,rf_ (16 líneas),VIABLE,Archivo include - header portable
include/hal_com_reg.h,unknown,LOGICA,1294,generic (4 líneas),VIABLE,Archivo include - header portable
include/hal_com_reg.h,unknown,LOGICA,1304,generic (2 líneas),VIABLE,Archivo include - header portable
include/hal_com_reg.h,unknown,LOGICA,1319,generic (2 líneas),VIABLE,Archivo include - header portable
include/hal_com_reg.h,unknown,LOGICA,1337,generic (23 líneas),VIABLE,Archivo include - header portable
include/hal_com_reg.h,unknown,LOGICA,1366,generic (16 líneas),VIABLE,Archivo include - header portable
include/hal_com_reg.h,unknown,LOGICA,1384,generic (6 líneas),VIABLE,Archivo include - header portable
include/hal_com_reg.h,unknown,LOGICA,1405,generic (99 líneas),VIABLE,Archivo include - header portable
include/hal_com_reg.h,unknown,LOGICA,1471,generic (35 líneas),VIABLE,Archivo include - header portable
include/hal_com_reg.h,unknown,LOGICA,1512,generic (2 líneas),VIABLE,Archivo include - header portable
include/hal_com_reg.h,unknown,LOGICA,1541,generic (48 líneas),VIABLE,Archivo include - header portable
include/hal_com_reg.h,unknown,LOGICA,1569,suspend (250 líneas),VIABLE,Archivo include - header portable
include/hal_com_reg.h,unknown,LOGICA,1709,ps_ (108 líneas),VIABLE,Archivo include - header portable
include/hal_data.h,unknown,LOGICA,1,generic (4 líneas),VIABLE,Archivo include - header portable
include/hal_data.h,unknown,LOGICA,11,_PHY_ (204 líneas),VIABLE,Archivo include - header portable
include/hal_data.h,unknown,LOGICA,146,generic (18 líneas),VIABLE,Archivo include - header portable
include/hal_data.h,unknown,LOGICA,172,"hw:_PHY_,compat:ieee80211 (200 líneas)",VIABLE,Archivo include - header portable
include/hal_data.h,unknown,LOGICA,272,generic (2 líneas),VIABLE,Archivo include - header portable
include/hal_data.h,unknown,LOGICA,281,"hw:_PHY_,compat:ieee80211 (366 líneas)",VIABLE,Archivo include - header portable
include/hal_data.h,unknown,LOGICA,618,_PHY_ (6 líneas),VIABLE,Archivo include - header portable
include/hal_data.h,unknown,LOGICA,631,xmit (73 líneas),VIABLE,Archivo include - header portable
include/hal_gspi.h,unknown,LOGICA,1,generic (4 líneas),VIABLE,Archivo include - header portable
include/hal_gspi.h,unknown,LOGICA,11,HAL_ (7 líneas),VIABLE,Archivo include - header portable
include/hal_gspi.h,unknown,LOGICA,28,HAL_ (3 líneas),VIABLE,Archivo include - header portable
include/hal_ic_cfg.h,unknown,LOGICA,1,generic (4 líneas),VIABLE,Archivo include - header portable
include/hal_ic_cfg.h,unknown,LOGICA,11,HAL_ (7 líneas),VIABLE,Archivo include - header portable
include/hal_ic_cfg.h,unknown,LOGICA,24,_PHY_ (565 líneas),VIABLE,Archivo include - header portable
include/hal_intf.h,unknown,LOGICA,1,generic (4 líneas),VIABLE,Archivo include - header portable
include/hal_intf.h,unknown,LOGICA,11,HAL_ (11 líneas),VIABLE,Archivo include - header portable
include/hal_intf.h,unknown,LOGICA,34,odm_ (18 líneas),VIABLE,Archivo include - header portable
include/hal_intf.h,unknown,LOGICA,52,HAL_ (3 líneas),VIABLE,Archivo include - header portable
include/hal_intf.h,unknown,LOGICA,62,generic (5 líneas),VIABLE,Archivo include - header portable
include/hal_intf.h,unknown,LOGICA,76,rf_ (3 líneas),VIABLE,Archivo include - header portable
include/hal_intf.h,unknown,LOGICA,85,ps_ (18 líneas),VIABLE,Archivo include - header portable
include/hal_intf.h,unknown,LOGICA,107,ps_ (17 líneas),VIABLE,Archivo include - header portable
include/hal_intf.h,unknown,LOGICA,140,ps_ (45 líneas),VIABLE,Archivo include - header portable
include/hal_intf.h,unknown,LOGICA,175,HAL_ (16 líneas),VIABLE,Archivo include - header portable
include/hal_intf.h,unknown,LOGICA,194,hal_init (72 líneas),VIABLE,Archivo include - header portable
include/hal_intf.h,unknown,LOGICA,282,ps_ (81 líneas),VIABLE,Archivo include - header portable
include/hal_intf.h,unknown,LOGICA,353,xmit (61 líneas),VIABLE,Archivo include - header portable
include/hal_intf.h,unknown,LOGICA,417,rtl (48 líneas),VIABLE,Archivo include - header portable
include/hal_intf.h,unknown,LOGICA,469,rtl (78 líneas),VIABLE,Archivo include - header portable
include/hal_intf.h,unknown,LOGICA,514,HAL_ (14 líneas),VIABLE,Archivo include - header portable
include/hal_intf.h,unknown,LOGICA,541,hal_init (45 líneas),VIABLE,Archivo include - header portable
include/hal_intf.h,unknown,LOGICA,593,hal_init (3 líneas),VIABLE,Archivo include - header portable
include/hal_intf.h,unknown,LOGICA,603,xmit (38 líneas),VIABLE,Archivo include - header portable
include/hal_intf.h,unknown,LOGICA,639,xmit (2 líneas),VIABLE,Archivo include - header portable
include/hal_intf.h,unknown,LOGICA,652,hal_init (63 líneas),VIABLE,Archivo include - header portable
include/hal_pg.h,unknown,LOGICA,1,HAL_ (1604 líneas),VIABLE,Archivo include - header portable
include/hal_phy.h,unknown,LOGICA,1,generic (4 líneas),VIABLE,Archivo include - header portable
include/hal_phy.h,unknown,LOGICA,11,_PHY_ (25 líneas),VIABLE,Archivo include - header portable
include/hal_phy.h,unknown,LOGICA,38,HAL_ (12 líneas),VIABLE,Archivo include - header portable
include/hal_phy.h,unknown,LOGICA,56,rf_ (30 líneas),VIABLE,Archivo include - header portable
include/hal_phy.h,unknown,LOGICA,93,_PHY_ (18 líneas),VIABLE,Archivo include - header portable
include/hal_phy.h,unknown,LOGICA,129,generic (2 líneas),VIABLE,Archivo include - header portable
include/hal_phy.h,unknown,LOGICA,137,HAL_ (122 líneas),VIABLE,Archivo include - header portable
include/hal_phy_reg.h,unknown,LOGICA,1,generic (4 líneas),VIABLE,Archivo include - header portable
include/hal_phy_reg.h,unknown,LOGICA,11,_PHY_ (265 líneas),VIABLE,Archivo include - header portable
include/hal_sdio.h,unknown,LOGICA,1,generic (4 líneas),VIABLE,Archivo include - header portable
include/hal_sdio.h,unknown,LOGICA,11,suspend (68 líneas),VIABLE,Archivo include - header portable
include/ieee80211.h,unknown,LOGICA,1,generic (4 líneas),VIABLE,Archivo include - header portable
include/ieee80211.h,unknown,LOGICA,11,"hw:rtl,compat:ieee80211 (20 líneas)",VIABLE,Archivo include - header portable
include/ieee80211.h,unknown,LOGICA,58,ps_ (2 líneas),VIABLE,Archivo include - header portable
include/ieee80211.h,unknown,LOGICA,67,rtl (1 líneas),VIABLE,Archivo include - header portable
include/ieee80211.h,unknown,LOGICA,84,generic (5 líneas),VIABLE,Archivo include - header portable
include/ieee80211.h,unknown,LOGICA,118,generic (16 líneas),VIABLE,Archivo include - header portable
include/ieee80211.h,unknown,LOGICA,137,generic (3 líneas),VIABLE,Archivo include - header portable
include/ieee80211.h,unknown,LOGICA,144,generic (2 líneas),VIABLE,Archivo include - header portable
include/ieee80211.h,unknown,LOGICA,153,generic (85 líneas),VIABLE,Archivo include - header portable
include/ieee80211.h,unknown,LOGICA,170,generic (84 líneas),VIABLE,Archivo include - header portable
include/ieee80211.h,unknown,LOGICA,251,generic (4 líneas),VIABLE,Archivo include - header portable
include/ieee80211.h,unknown,MIXTO,340,"compat:ieee80211,hw:rtl (2 líneas)",VIABLE,Archivo include - header portable
include/ieee80211.h,unknown,LOGICA,534,generic (2 líneas),VIABLE,Archivo include - header portable
include/ieee80211.h,unknown,LOGICA,542,"hw:rtl,compat:ieee80211 (30 líneas)",VIABLE,Archivo include - header portable
include/ieee80211.h,unknown,LOGICA,591,generic (1 líneas),VIABLE,Archivo include - header portable
include/ieee80211.h,unknown,LOGICA,631,generic (24 líneas),VIABLE,Archivo include - header portable
include/ieee80211.h,unknown,MIXTO,694,"compat:ieee80211,hw:dm_ (7 líneas)",VIABLE,Archivo include - header portable
include/ieee80211.h,unknown,MIXTO,728,"compat:ieee80211,hw:dm_ (30 líneas)",VIABLE,Archivo include - header portable
include/ieee80211.h,unknown,LOGICA,860,dm_ (87 líneas),VIABLE,Archivo include - header portable
include/ieee80211.h,unknown,LOGICA,882,generic (2 líneas),VIABLE,Archivo include - header portable
include/ieee80211.h,unknown,LOGICA,1012,"hw:rtl,compat:ieee80211 (32 líneas)",VIABLE,Archivo include - header portable
include/ieee80211.h,unknown,LOGICA,1092,"hw:rtl,compat:ieee80211 (24 líneas)",VIABLE,Archivo include - header portable
include/ieee80211.h,unknown,MIXTO,1145,"compat:ieee80211,hw:rtl (53 líneas)",VIABLE,Archivo include - header portable
include/ieee80211.h,unknown,MIXTO,1258,"compat:ieee80211,hw:ps_ (4 líneas)",VIABLE,Archivo include - header portable
include/ieee80211.h,unknown,LOGICA,1323,generic (2 líneas),VIABLE,Archivo include - header portable
include/ieee80211.h,unknown,LOGICA,1448,"hw:xmit,compat:ieee80211 (29 líneas)",VIABLE,Archivo include - header portable
include/ieee80211.h,unknown,LOGICA,1492,generic (2 líneas),VIABLE,Archivo include - header portable
include/ieee80211.h,unknown,MIXTO,1577,"compat:ieee80211,hw:xmit (52 líneas)",VIABLE,Archivo include - header portable
include/ieee80211.h,unknown,LOGICA,1632,generic (2 líneas),VIABLE,Archivo include - header portable
include/ieee80211.h,unknown,LOGICA,1701,xmit (16 líneas),VIABLE,Archivo include - header portable
include/ieee80211.h,unknown,LOGICA,1710,generic (2 líneas),VIABLE,Archivo include - header portable
include/ieee80211.h,unknown,LOGICA,1723,ps_ (62 líneas),VIABLE,Archivo include - header portable
include/ieee80211.h,unknown,LOGICA,1752,ps_ (55 líneas),VIABLE,Archivo include - header portable
include/ieee80211.h,unknown,LOGICA,1804,rf_ (9 líneas),VIABLE,Archivo include - header portable
include/ieee80211_ext.h,unknown,LOGICA,1,generic (4 líneas),VIABLE,Archivo include - header portable
include/if_ether.h,unknown,LOGICA,1,generic (4 líneas),VIABLE,Archivo include - header portable
include/if_ether.h,unknown,LOGICA,11,generic (11 líneas),VIABLE,Archivo include - header portable
include/if_ether.h,unknown,LOGICA,45,generic (20 líneas),VIABLE,Archivo include - header portable
include/if_ether.h,unknown,LOGICA,69,generic (8 líneas),VIABLE,Archivo include - header portable
include/if_ether.h,unknown,LOGICA,89,generic (16 líneas),VIABLE,Archivo include - header portable
include/ip.h,unknown,LOGICA,1,generic (4 líneas),VIABLE,Archivo include - header portable
include/ip.h,unknown,LOGICA,11,generic (7 líneas),VIABLE,Archivo include - header portable
include/ip.h,unknown,LOGICA,55,generic (18 líneas),VIABLE,Archivo include - header portable
include/ip.h,unknown,LOGICA,93,generic (34 líneas),VIABLE,Archivo include - header portable
include/ip.h,unknown,LOGICA,121,generic (2 líneas),VIABLE,Archivo include - header portable
include/ip.h,unknown,LOGICA,138,generic (1 líneas),VIABLE,Archivo include - header portable
include/linux/wireless.h,unknown,LOGICA,1,generic (4 líneas),VIABLE,Archivo include - header portable
include/linux/wireless.h,unknown,LOGICA,11,generic (7 líneas),VIABLE,Archivo include - header portable
include/linux/wireless.h,unknown,LOGICA,24,generic (20 líneas),VIABLE,Archivo include - header portable
include/linux/wireless.h,unknown,LOGICA,47,generic (11 líneas),VIABLE,Archivo include - header portable
include/linux/wireless.h,unknown,LOGICA,66,generic (3 líneas),VIABLE,Archivo include - header portable
include/linux/wireless.h,unknown,LOGICA,82,generic (6 líneas),VIABLE,Archivo include - header portable
include/linux/wireless.h,unknown,LOGICA,94,generic (1 líneas),VIABLE,Archivo include - header portable
include/mlme_osdep.h,unknown,LOGICA,1,generic (4 líneas),VIABLE,Archivo include - header portable
include/mlme_osdep.h,unknown,LOGICA,11,generic (24 líneas),VIABLE,Archivo include - header portable
include/nic_spec.h,unknown,LOGICA,1,generic (4 líneas),VIABLE,Archivo include - header portable
include/nic_spec.h,unknown,LOGICA,11,generic (7 líneas),VIABLE,Archivo include - header portable
include/nic_spec.h,unknown,LOGICA,43,rtl (3 líneas),VIABLE,Archivo include - header portable
include/osdep_intf.h,unknown,LOGICA,1,generic (2 líneas),VIABLE,Archivo include - header portable
include/osdep_intf.h,unknown,LOGICA,11,generic (7 líneas),VIABLE,Archivo include - header portable
include/osdep_intf.h,unknown,LOGICA,25,xmit (30 líneas),VIABLE,Archivo include - header portable
include/osdep_intf.h,unknown,LOGICA,59,xmit (26 líneas),VIABLE,Archivo include - header portable
include/osdep_intf.h,unknown,LOGICA,99,generic (2 líneas),VIABLE,Archivo include - header portable
include/osdep_intf.h,unknown,LOGICA,114,"hw:ps_,compat:cfg80211 (21 líneas)",VIABLE,Archivo include - header portable
include/osdep_intf.h,unknown,LOGICA,149,suspend (13 líneas),VIABLE,Archivo include - header portable
include/osdep_service.h,unknown,LOGICA,1,generic (4 líneas),VIABLE,Archivo include - header portable
include/osdep_service.h,unknown,LOGICA,11,generic (27 líneas),VIABLE,Archivo include - header portable
include/osdep_service.h,unknown,LOGICA,34,generic (28 líneas),VIABLE,Archivo include - header portable
include/osdep_service.h,unknown,LOGICA,96,generic (31 líneas),VIABLE,Archivo include - header portable
include/osdep_service.h,unknown,LOGICA,253,generic (22 líneas),VIABLE,Archivo include - header portable
include/osdep_service.h,unknown,LOGICA,277,generic (2 líneas),VIABLE,Archivo include - header portable
include/osdep_service.h,unknown,LOGICA,289,generic (37 líneas),VIABLE,Archivo include - header portable
include/osdep_service.h,unknown,LOGICA,315,generic (53 líneas),VIABLE,Archivo include - header portable
include/osdep_service.h,unknown,LOGICA,373,generic (4 líneas),VIABLE,Archivo include - header portable
include/osdep_service.h,unknown,LOGICA,395,generic (22 líneas),VIABLE,Archivo include - header portable
include/osdep_service.h,unknown,LOGICA,428,generic (4 líneas),VIABLE,Archivo include - header portable
include/osdep_service.h,unknown,LOGICA,439,generic (4 líneas),VIABLE,Archivo include - header portable
include/osdep_service.h,unknown,LOGICA,450,generic (4 líneas),VIABLE,Archivo include - header portable
include/osdep_service.h,unknown,LOGICA,461,generic (4 líneas),VIABLE,Archivo include - header portable
include/osdep_service.h,unknown,LOGICA,472,generic (29 líneas),VIABLE,Archivo include - header portable
include/osdep_service.h,unknown,LOGICA,485,suspend (6 líneas),VIABLE,Archivo include - header portable
include/osdep_service.h,unknown,LOGICA,505,suspend (4 líneas),VIABLE,Archivo include - header portable
include/osdep_service.h,unknown,LOGICA,515,generic (16 líneas),VIABLE,Archivo include - header portable
include/osdep_service.h,unknown,LOGICA,548,generic (2 líneas),VIABLE,Archivo include - header portable
include/osdep_service.h,unknown,LOGICA,557,generic (2 líneas),VIABLE,Archivo include - header portable
include/osdep_service.h,unknown,LOGICA,567,generic (2 líneas),VIABLE,Archivo include - header portable
include/osdep_service.h,unknown,LOGICA,579,generic (2 líneas),VIABLE,Archivo include - header portable
include/osdep_service.h,unknown,LOGICA,596,generic (11 líneas),VIABLE,Archivo include - header portable
include/osdep_service.h,unknown,LOGICA,614,generic (55 líneas),VIABLE,Archivo include - header portable
include/osdep_service_ce.h,unknown,LOGICA,1,generic (4 líneas),VIABLE,Archivo include - header portable
include/osdep_service_ce.h,unknown,LOGICA,11,generic (366 líneas),VIABLE,Archivo include - header portable
include/osdep_service_linux.h,unknown,LOGICA,1,"hw:suspend,compat:WIRELESS_EXT (995 líneas)",VIABLE,Archivo include - header portable
include/osdep_service_xp.h,unknown,LOGICA,1,generic (412 líneas),VIABLE,Archivo include - header portable
include/pci_hal.h,unknown,LOGICA,1,generic (4 líneas),VIABLE,Archivo include - header portable
include/pci_hal.h,unknown,LOGICA,11,HAL_ (40 líneas),VIABLE,Archivo include - header portable
include/pci_ops.h,unknown,LOGICA,1,generic (4 líneas),VIABLE,Archivo include - header portable
include/pci_ops.h,unknown,LOGICA,11,ps_ (126 líneas),VIABLE,Archivo include - header portable
include/pci_osintf.h,unknown,LOGICA,1,generic (4 líneas),VIABLE,Archivo include - header portable
include/pci_osintf.h,unknown,LOGICA,11,generic (55 líneas),VIABLE,Archivo include - header portable
include/recv_osdep.h,unknown,LOGICA,1,generic (4 líneas),VIABLE,Archivo include - header portable
include/recv_osdep.h,unknown,LOGICA,11,recv (22 líneas),VIABLE,Archivo include - header portable
include/recv_osdep.h,unknown,LOGICA,47,recv (21 líneas),VIABLE,Archivo include - header portable
include/rtl8188e_cmd.h,unknown,LOGICA,1,generic (2 líneas),VIABLE,Archivo include - header portable
include/rtl8188e_cmd.h,unknown,LOGICA,11,rtl (10 líneas),VIABLE,Archivo include - header portable
include/rtl8188e_cmd.h,unknown,LOGICA,35,suspend (120 líneas),VIABLE,Archivo include - header portable
include/rtl8188e_cmd.h,unknown,LOGICA,134,suspend (59 líneas),VIABLE,Archivo include - header portable
include/rtl8188e_dm.h,unknown,LOGICA,1,generic (2 líneas),VIABLE,Archivo include - header portable
include/rtl8188e_dm.h,unknown,LOGICA,11,rtl (20 líneas),VIABLE,Archivo include - header portable
include/rtl8188e_hal.h,unknown,LOGICA,1,hal_init (651 líneas),VIABLE,Archivo include - header portable
include/rtl8188e_led.h,unknown,LOGICA,1,rtl (78 líneas),VIABLE,Archivo include - header portable
include/rtl8188e_recv.h,unknown,LOGICA,1,recv (331 líneas),VIABLE,Archivo include - header portable
include/rtl8188e_rf.h,unknown,LOGICA,1,generic (2 líneas),VIABLE,Archivo include - header portable
include/rtl8188e_rf.h,unknown,LOGICA,11,_PHY_ (22 líneas),VIABLE,Archivo include - header portable
include/rtl8188e_spec.h,unknown,LOGICA,1,rtl (324 líneas),VIABLE,Archivo include - header portable
include/rtl8188e_sreset.h,unknown,LOGICA,1,generic (4 líneas),VIABLE,Archivo include - header portable
include/rtl8188e_sreset.h,unknown,LOGICA,11,xmit (12 líneas),VIABLE,Archivo include - header portable
include/rtl8188e_xmit.h,unknown,LOGICA,1,resume (592 líneas),VIABLE,Archivo include - header portable
include/rtl8188f_cmd.h,unknown,LOGICA,1,generic (2 líneas),VIABLE,Archivo include - header portable
include/rtl8188f_cmd.h,unknown,LOGICA,11,ps_ (61 líneas),VIABLE,Archivo include - header portable
include/rtl8188f_cmd.h,unknown,LOGICA,70,generic (26 líneas),VIABLE,Archivo include - header portable
include/rtl8188f_cmd.h,unknown,LOGICA,118,ps_ (5 líneas),VIABLE,Archivo include - header portable
include/rtl8188f_cmd.h,unknown,LOGICA,143,generic (8 líneas),VIABLE,Archivo include - header portable
include/rtl8188f_cmd.h,unknown,LOGICA,163,ps_ (39 líneas),VIABLE,Archivo include - header portable
include/rtl8188f_cmd.h,unknown,LOGICA,212,ps_ (4 líneas),VIABLE,Archivo include - header portable
include/rtl8188f_dm.h,unknown,LOGICA,1,generic (2 líneas),VIABLE,Archivo include - header portable
include/rtl8188f_dm.h,unknown,LOGICA,11,HAL_ (37 líneas),VIABLE,Archivo include - header portable
include/rtl8188f_hal.h,unknown,LOGICA,1,generic (2 líneas),VIABLE,Archivo include - header portable
include/rtl8188f_hal.h,unknown,LOGICA,11,HAL_ (7 líneas),VIABLE,Archivo include - header portable
include/rtl8188f_hal.h,unknown,LOGICA,36,_PHY_ (135 líneas),VIABLE,Archivo include - header portable
include/rtl8188f_hal.h,unknown,LOGICA,172,generic (8 líneas),VIABLE,Archivo include - header portable
include/rtl8188f_hal.h,unknown,LOGICA,193,hal_init (35 líneas),VIABLE,Archivo include - header portable
include/rtl8188f_hal.h,unknown,LOGICA,243,hal_init (2 líneas),VIABLE,Archivo include - header portable
include/rtl8188f_hal.h,unknown,LOGICA,259,HAL_ (36 líneas),VIABLE,Archivo include - header portable
include/rtl8188f_led.h,unknown,LOGICA,1,generic (2 líneas),VIABLE,Archivo include - header portable
include/rtl8188f_led.h,unknown,LOGICA,11,rtl (14 líneas),VIABLE,Archivo include - header portable
include/rtl8188f_led.h,unknown,LOGICA,46,generic (2 líneas),VIABLE,Archivo include - header portable
include/rtl8188f_recv.h,unknown,LOGICA,1,generic (2 líneas),VIABLE,Archivo include - header portable
include/rtl8188f_recv.h,unknown,LOGICA,11,recv (43 líneas),VIABLE,Archivo include - header portable
include/rtl8188f_recv.h,unknown,LOGICA,70,recv (1 líneas),VIABLE,Archivo include - header portable
include/rtl8188f_rf.h,unknown,LOGICA,1,generic (2 líneas),VIABLE,Archivo include - header portable
include/rtl8188f_rf.h,unknown,LOGICA,11,rtl (16 líneas),VIABLE,Archivo include - header portable
include/rtl8188f_spec.h,unknown,LOGICA,1,generic (2 líneas),VIABLE,Archivo include - header portable
include/rtl8188f_spec.h,unknown,LOGICA,11,HAL_ (20 líneas),VIABLE,Archivo include - header portable
include/rtl8188f_spec.h,unknown,LOGICA,44,generic (10 líneas),VIABLE,Archivo include - header portable
include/rtl8188f_spec.h,unknown,LOGICA,60,generic (86 líneas),VIABLE,Archivo include - header portable
include/rtl8188f_spec.h,unknown,LOGICA,115,generic (54 líneas),VIABLE,Archivo include - header portable
include/rtl8188f_spec.h,unknown,LOGICA,154,ps_ (68 líneas),VIABLE,Archivo include - header portable
include/rtl8188f_spec.h,unknown,LOGICA,205,rtl (162 líneas),VIABLE,Archivo include - header portable
include/rtl8188f_sreset.h,unknown,LOGICA,1,generic (2 líneas),VIABLE,Archivo include - header portable
include/rtl8188f_sreset.h,unknown,LOGICA,11,rtl (7 líneas),VIABLE,Archivo include - header portable
include/rtl8188f_sreset.h,unknown,LOGICA,27,rtl (1 líneas),VIABLE,Archivo include - header portable
include/rtl8188f_xmit.h,unknown,LOGICA,1,generic (2 líneas),VIABLE,Archivo include - header portable
include/rtl8188f_xmit.h,unknown,LOGICA,11,xmit (7 líneas),VIABLE,Archivo include - header portable
include/rtl8188f_xmit.h,unknown,LOGICA,31,_PHY_ (118 líneas),VIABLE,Archivo include - header portable
include/rtl8188f_xmit.h,unknown,LOGICA,117,generic (2 líneas),VIABLE,Archivo include - header portable
include/rtl8188f_xmit.h,unknown,LOGICA,129,generic (6 líneas),VIABLE,Archivo include - header portable
include/rtl8188f_xmit.h,unknown,LOGICA,143,generic (2 líneas),VIABLE,Archivo include - header portable
include/rtl8188f_xmit.h,unknown,LOGICA,160,generic (2 líneas),VIABLE,Archivo include - header portable
include/rtl8188f_xmit.h,unknown,LOGICA,169,generic (2 líneas),VIABLE,Archivo include - header portable
include/rtl8188f_xmit.h,unknown,LOGICA,180,generic (2 líneas),VIABLE,Archivo include - header portable
include/rtl8188f_xmit.h,unknown,LOGICA,188,generic (24 líneas),VIABLE,Archivo include - header portable
include/rtl8188f_xmit.h,unknown,LOGICA,221,generic (14 líneas),VIABLE,Archivo include - header portable
include/rtl8188f_xmit.h,unknown,LOGICA,242,generic (2 líneas),VIABLE,Archivo include - header portable
include/rtl8188f_xmit.h,unknown,LOGICA,253,generic (12 líneas),VIABLE,Archivo include - header portable
include/rtl8188f_xmit.h,unknown,LOGICA,281,xmit (11 líneas),VIABLE,Archivo include - header portable
include/rtl8188f_xmit.h,unknown,LOGICA,303,xmit (7 líneas),VIABLE,Archivo include - header portable
include/rtl8188f_xmit.h,unknown,LOGICA,333,generic (1 líneas),VIABLE,Archivo include - header portable
include/rtl8192e_cmd.h,unknown,LOGICA,1,generic (2 líneas),VIABLE,Archivo include - header portable
include/rtl8192e_cmd.h,unknown,LOGICA,11,rtl (10 líneas),VIABLE,Archivo include - header portable
include/rtl8192e_cmd.h,unknown,LOGICA,33,ps_ (4 líneas),VIABLE,Archivo include - header portable
include/rtl8192e_cmd.h,unknown,LOGICA,49,suspend (38 líneas),VIABLE,Archivo include - header portable
include/rtl8192e_cmd.h,unknown,LOGICA,99,generic (2 líneas),VIABLE,Archivo include - header portable
include/rtl8192e_cmd.h,unknown,LOGICA,107,ps_ (3 líneas),VIABLE,Archivo include - header portable
include/rtl8192e_cmd.h,unknown,LOGICA,119,suspend (33 líneas),VIABLE,Archivo include - header portable
include/rtl8192e_cmd.h,unknown,LOGICA,157,rtl (19 líneas),VIABLE,Archivo include - header portable
include/rtl8192e_dm.h,unknown,LOGICA,1,generic (2 líneas),VIABLE,Archivo include - header portable
include/rtl8192e_dm.h,unknown,LOGICA,11,rtl (20 líneas),VIABLE,Archivo include - header portable
include/rtl8192e_hal.h,unknown,LOGICA,1,hal_init (680 líneas),VIABLE,Archivo include - header portable
include/rtl8192e_led.h,unknown,LOGICA,1,rtl (77 líneas),VIABLE,Archivo include - header portable
include/rtl8192e_recv.h,unknown,LOGICA,1,_PHY_ (353 líneas),VIABLE,Archivo include - header portable
include/rtl8192e_rf.h,unknown,LOGICA,1,generic (2 líneas),VIABLE,Archivo include - header portable
include/rtl8192e_rf.h,unknown,LOGICA,11,rtl (18 líneas),VIABLE,Archivo include - header portable
include/rtl8192e_spec.h,unknown,LOGICA,1,HAL_ (641 líneas),VIABLE,Archivo include - header portable
include/rtl8192e_sreset.h,unknown,LOGICA,1,generic (4 líneas),VIABLE,Archivo include - header portable
include/rtl8192e_sreset.h,unknown,LOGICA,11,xmit (16 líneas),VIABLE,Archivo include - header portable
include/rtl8192e_xmit.h,unknown,LOGICA,1,resume (899 líneas),VIABLE,Archivo include - header portable
include/rtl8703b_cmd.h,unknown,LOGICA,1,generic (2 líneas),VIABLE,Archivo include - header portable
include/rtl8703b_cmd.h,unknown,LOGICA,11,ps_ (61 líneas),VIABLE,Archivo include - header portable
include/rtl8703b_cmd.h,unknown,LOGICA,70,generic (26 líneas),VIABLE,Archivo include - header portable
include/rtl8703b_cmd.h,unknown,LOGICA,118,ps_ (5 líneas),VIABLE,Archivo include - header portable
include/rtl8703b_cmd.h,unknown,LOGICA,143,generic (8 líneas),VIABLE,Archivo include - header portable
include/rtl8703b_cmd.h,unknown,LOGICA,163,ps_ (59 líneas),VIABLE,Archivo include - header portable
include/rtl8703b_dm.h,unknown,LOGICA,1,generic (2 líneas),VIABLE,Archivo include - header portable
include/rtl8703b_dm.h,unknown,LOGICA,11,HAL_ (37 líneas),VIABLE,Archivo include - header portable
include/rtl8703b_hal.h,unknown,LOGICA,1,hal_init (591 líneas),VIABLE,Archivo include - header portable
include/rtl8703b_led.h,unknown,LOGICA,1,rtl (93 líneas),VIABLE,Archivo include - header portable
include/rtl8703b_recv.h,unknown,LOGICA,1,recv (174 líneas),VIABLE,Archivo include - header portable
include/rtl8703b_rf.h,unknown,LOGICA,1,generic (2 líneas),VIABLE,Archivo include - header portable
include/rtl8703b_rf.h,unknown,LOGICA,11,rtl (16 líneas),VIABLE,Archivo include - header portable
include/rtl8703b_spec.h,unknown,LOGICA,1,ps_ (944 líneas),VIABLE,Archivo include - header portable
include/rtl8703b_sreset.h,unknown,LOGICA,1,generic (2 líneas),VIABLE,Archivo include - header portable
include/rtl8703b_sreset.h,unknown,LOGICA,11,xmit (12 líneas),VIABLE,Archivo include - header portable
include/rtl8703b_xmit.h,unknown,LOGICA,1,_PHY_ (669 líneas),VIABLE,Archivo include - header portable
include/rtl8723b_cmd.h,unknown,LOGICA,1,generic (2 líneas),VIABLE,Archivo include - header portable
include/rtl8723b_cmd.h,unknown,LOGICA,11,ps_ (61 líneas),VIABLE,Archivo include - header portable
include/rtl8723b_cmd.h,unknown,LOGICA,70,generic (26 líneas),VIABLE,Archivo include - header portable
include/rtl8723b_cmd.h,unknown,LOGICA,118,ps_ (5 líneas),VIABLE,Archivo include - header portable
include/rtl8723b_cmd.h,unknown,LOGICA,143,generic (8 líneas),VIABLE,Archivo include - header portable
include/rtl8723b_cmd.h,unknown,LOGICA,163,ps_ (59 líneas),VIABLE,Archivo include - header portable
include/rtl8723b_dm.h,unknown,LOGICA,1,generic (2 líneas),VIABLE,Archivo include - header portable
include/rtl8723b_dm.h,unknown,LOGICA,11,HAL_ (38 líneas),VIABLE,Archivo include - header portable
include/rtl8723b_hal.h,unknown,LOGICA,1,hal_init (600 líneas),VIABLE,Archivo include - header portable
include/rtl8723b_led.h,unknown,LOGICA,1,rtl (93 líneas),VIABLE,Archivo include - header portable
include/rtl8723b_recv.h,unknown,LOGICA,1,recv (174 líneas),VIABLE,Archivo include - header portable
include/rtl8723b_rf.h,unknown,LOGICA,1,generic (2 líneas),VIABLE,Archivo include - header portable
include/rtl8723b_rf.h,unknown,LOGICA,11,rtl (16 líneas),VIABLE,Archivo include - header portable
include/rtl8723b_spec.h,unknown,LOGICA,1,ps_ (576 líneas),VIABLE,Archivo include - header portable
include/rtl8723b_sreset.h,unknown,LOGICA,1,generic (2 líneas),VIABLE,Archivo include - header portable
include/rtl8723b_sreset.h,unknown,LOGICA,11,xmit (12 líneas),VIABLE,Archivo include - header portable
include/rtl8723b_xmit.h,unknown,LOGICA,1,_PHY_ (669 líneas),VIABLE,Archivo include - header portable
include/rtl8812a_cmd.h,unknown,LOGICA,1,generic (2 líneas),VIABLE,Archivo include - header portable
include/rtl8812a_cmd.h,unknown,LOGICA,11,ps_ (17 líneas),VIABLE,Archivo include - header portable
include/rtl8812a_cmd.h,unknown,LOGICA,55,rtl (20 líneas),VIABLE,Archivo include - header portable
include/rtl8812a_cmd.h,unknown,LOGICA,89,ps_ (3 líneas),VIABLE,Archivo include - header portable
include/rtl8812a_cmd.h,unknown,LOGICA,103,ps_ (19 líneas),VIABLE,Archivo include - header portable
include/rtl8812a_cmd.h,unknown,LOGICA,131,generic (16 líneas),VIABLE,Archivo include - header portable
include/rtl8812a_cmd.h,unknown,LOGICA,154,rtl (29 líneas),VIABLE,Archivo include - header portable
include/rtl8812a_dm.h,unknown,LOGICA,1,generic (2 líneas),VIABLE,Archivo include - header portable
include/rtl8812a_dm.h,unknown,LOGICA,11,rtl (20 líneas),VIABLE,Archivo include - header portable
include/rtl8812a_hal.h,unknown,LOGICA,1,hal_init (741 líneas),VIABLE,Archivo include - header portable
include/rtl8812a_led.h,unknown,LOGICA,1,rtl (83 líneas),VIABLE,Archivo include - header portable
include/rtl8812a_recv.h,unknown,LOGICA,1,_PHY_ (311 líneas),VIABLE,Archivo include - header portable
include/rtl8812a_rf.h,unknown,LOGICA,1,generic (2 líneas),VIABLE,Archivo include - header portable
include/rtl8812a_rf.h,unknown,LOGICA,11,rtl (18 líneas),VIABLE,Archivo include - header portable
include/rtl8812a_spec.h,unknown,LOGICA,1,rtl (539 líneas),VIABLE,Archivo include - header portable
include/rtl8812a_sreset.h,unknown,LOGICA,1,generic (4 líneas),VIABLE,Archivo include - header portable
include/rtl8812a_sreset.h,unknown,LOGICA,11,rtl (7 líneas),VIABLE,Archivo include - header portable
include/rtl8812a_sreset.h,unknown,LOGICA,27,rtl (1 líneas),VIABLE,Archivo include - header portable
include/rtl8812a_xmit.h,unknown,LOGICA,1,resume (730 líneas),VIABLE,Archivo include - header portable
include/rtl8814a_cmd.h,unknown,LOGICA,1,generic (2 líneas),VIABLE,Archivo include - header portable
include/rtl8814a_cmd.h,unknown,LOGICA,11,HAL_ (11 líneas),VIABLE,Archivo include - header portable
include/rtl8814a_cmd.h,unknown,LOGICA,36,generic (3 líneas),VIABLE,Archivo include - header portable
include/rtl8814a_cmd.h,unknown,LOGICA,54,generic (8 líneas),VIABLE,Archivo include - header portable
include/rtl8814a_cmd.h,unknown,LOGICA,80,generic (24 líneas),VIABLE,Archivo include - header portable
include/rtl8814a_cmd.h,unknown,LOGICA,88,rtl (6 líneas),VIABLE,Archivo include - header portable
include/rtl8814a_cmd.h,unknown,LOGICA,103,ps_ (4 líneas),VIABLE,Archivo include - header portable
include/rtl8814a_cmd.h,unknown,LOGICA,117,ps_ (42 líneas),VIABLE,Archivo include - header portable
include/rtl8814a_dm.h,unknown,LOGICA,1,generic (2 líneas),VIABLE,Archivo include - header portable
include/rtl8814a_dm.h,unknown,LOGICA,11,rtl (16 líneas),VIABLE,Archivo include - header portable
include/rtl8814a_hal.h,unknown,LOGICA,1,hal_init (670 líneas),VIABLE,Archivo include - header portable
include/rtl8814a_led.h,unknown,LOGICA,1,rtl (77 líneas),VIABLE,Archivo include - header portable
include/rtl8814a_recv.h,unknown,LOGICA,1,_PHY_ (370 líneas),VIABLE,Archivo include - header portable
include/rtl8814a_rf.h,unknown,LOGICA,1,generic (2 líneas),VIABLE,Archivo include - header portable
include/rtl8814a_rf.h,unknown,LOGICA,11,rtl (18 líneas),VIABLE,Archivo include - header portable
include/rtl8814a_spec.h,unknown,LOGICA,1,ps_ (1296 líneas),VIABLE,Archivo include - header portable
include/rtl8814a_sreset.h,unknown,LOGICA,1,generic (4 líneas),VIABLE,Archivo include - header portable
include/rtl8814a_sreset.h,unknown,LOGICA,11,xmit (12 líneas),VIABLE,Archivo include - header portable
include/rtl8814a_xmit.h,unknown,LOGICA,1,resume (618 líneas),VIABLE,Archivo include - header portable
include/rtl8821a_spec.h,unknown,LOGICA,1,HAL_ (198 líneas),VIABLE,Archivo include - header portable
include/rtl8821a_xmit.h,unknown,LOGICA,1,resume (353 líneas),VIABLE,Archivo include - header portable
include/rtw_android.h,unknown,LOGICA,1,generic (4 líneas),VIABLE,Archivo include - header portable
include/rtw_android.h,unknown,LOGICA,11,suspend (36 líneas),VIABLE,Archivo include - header portable
include/rtw_android.h,unknown,LOGICA,62,generic (2 líneas),VIABLE,Archivo include - header portable
include/rtw_android.h,unknown,LOGICA,70,generic (6 líneas),VIABLE,Archivo include - header portable
include/rtw_ap.h,unknown,LOGICA,1,xmit (223 líneas),VIABLE,Archivo include - header portable
include/rtw_beamforming.h,unknown,LOGICA,1,suspend (447 líneas),VIABLE,Archivo include - header portable
include/rtw_br_ext.h,unknown,LOGICA,1,generic (4 líneas),VIABLE,Archivo include - header portable
include/rtw_br_ext.h,unknown,LOGICA,11,generic (34 líneas),VIABLE,Archivo include - header portable
include/rtw_br_ext.h,unknown,LOGICA,65,generic (5 líneas),VIABLE,Archivo include - header portable
include/rtw_bt_mp.h,unknown,LOGICA,1,rtl (583 líneas),VIABLE,Archivo include - header portable
include/rtw_btcoex.h,unknown,LOGICA,1,generic (2 líneas),VIABLE,Archivo include - header portable
include/rtw_btcoex.h,unknown,LOGICA,11,generic (9 líneas),VIABLE,Archivo include - header portable
include/rtw_btcoex.h,unknown,LOGICA,53,suspend (13 líneas),VIABLE,Archivo include - header portable
include/rtw_btcoex.h,unknown,LOGICA,63,generic (2 líneas),VIABLE,Archivo include - header portable
include/rtw_btcoex.h,unknown,LOGICA,85,_PHY_ (76 líneas),VIABLE,Archivo include - header portable
include/rtw_btcoex.h,unknown,LOGICA,172,rf_ (206 líneas),VIABLE,Archivo include - header portable
include/rtw_btcoex.h,unknown,LOGICA,306,rtl (18 líneas),VIABLE,Archivo include - header portable
include/rtw_btcoex.h,unknown,LOGICA,329,recv (14 líneas),VIABLE,Archivo include - header portable
include/rtw_btcoex.h,unknown,LOGICA,362,hal_init (3 líneas),VIABLE,Archivo include - header portable
include/rtw_btcoex.h,unknown,LOGICA,375,suspend (4 líneas),VIABLE,Archivo include - header portable
include/rtw_btcoex.h,unknown,LOGICA,384,generic (19 líneas),VIABLE,Archivo include - header portable
include/rtw_btcoex.h,unknown,LOGICA,421,ps_ (29 líneas),VIABLE,Archivo include - header portable
include/rtw_byteorder.h,unknown,LOGICA,1,generic (4 líneas),VIABLE,Archivo include - header portable
include/rtw_byteorder.h,unknown,LOGICA,11,rtl (24 líneas),VIABLE,Archivo include - header portable
include/rtw_cmd.h,unknown,LOGICA,1,generic (4 líneas),VIABLE,Archivo include - header portable
include/rtw_cmd.h,unknown,LOGICA,11,ps_ (233 líneas),VIABLE,Archivo include - header portable
include/rtw_cmd.h,unknown,LOGICA,197,"hw:suspend,compat:cfg80211 (108 líneas)",VIABLE,Archivo include - header portable
include/rtw_cmd.h,unknown,LOGICA,269,suspend (20 líneas),VIABLE,Archivo include - header portable
include/rtw_cmd.h,unknown,LOGICA,324,rtl (25 líneas),VIABLE,Archivo include - header portable
include/rtw_cmd.h,unknown,LOGICA,358,"hw:rtl,compat:ieee80211 (13 líneas)",VIABLE,Archivo include - header portable
include/rtw_cmd.h,unknown,LOGICA,382,generic (4 líneas),VIABLE,Archivo include - header portable
include/rtw_cmd.h,unknown,LOGICA,400,generic (22 líneas),VIABLE,Archivo include - header portable
include/rtw_cmd.h,unknown,LOGICA,429,rtl (220 líneas),VIABLE,Archivo include - header portable
include/rtw_cmd.h,unknown,LOGICA,666,generic (14 líneas),VIABLE,Archivo include - header portable
include/rtw_cmd.h,unknown,LOGICA,684,generic (18 líneas),VIABLE,Archivo include - header portable
include/rtw_cmd.h,unknown,LOGICA,711,generic (2 líneas),VIABLE,Archivo include - header portable
include/rtw_cmd.h,unknown,LOGICA,727,generic (169 líneas),VIABLE,Archivo include - header portable
include/rtw_cmd.h,unknown,LOGICA,906,generic (85 líneas),VIABLE,Archivo include - header portable
include/rtw_cmd.h,unknown,LOGICA,1010,generic (2 líneas),VIABLE,Archivo include - header portable
include/rtw_cmd.h,unknown,LOGICA,1031,"hw:suspend,compat:ieee80211 (376 líneas)",VIABLE,Archivo include - header portable
include/rtw_debug.h,unknown,LOGICA,1,generic (2 líneas),VIABLE,Archivo include - header portable
include/rtw_debug.h,unknown,LOGICA,11,hal_init (468 líneas),VIABLE,Archivo include - header portable
include/rtw_debug.h,unknown,LOGICA,336,rf_ (26 líneas),VIABLE,Archivo include - header portable
include/rtw_debug.h,unknown,LOGICA,377,suspend (39 líneas),VIABLE,Archivo include - header portable
include/rtw_debug.h,unknown,LOGICA,423,generic (6 líneas),VIABLE,Archivo include - header portable
include/rtw_debug.h,unknown,LOGICA,437,_PHY_ (53 líneas),VIABLE,Archivo include - header portable
include/rtw_debug.h,unknown,LOGICA,474,odm_ (5 líneas),VIABLE,Archivo include - header portable
include/rtw_debug.h,unknown,LOGICA,491,generic (25 líneas),VIABLE,Archivo include - header portable
include/rtw_debug.h,unknown,LOGICA,508,ps_ (18 líneas),VIABLE,Archivo include - header portable
include/rtw_debug.h,unknown,LOGICA,536,hal_init (108 líneas),VIABLE,Archivo include - header portable
include/rtw_eeprom.h,unknown,LOGICA,1,generic (4 líneas),VIABLE,Archivo include - header portable
include/rtw_eeprom.h,unknown,LOGICA,11,rtl (9 líneas),VIABLE,Archivo include - header portable
include/rtw_eeprom.h,unknown,LOGICA,31,generic (33 líneas),VIABLE,Archivo include - header portable
include/rtw_eeprom.h,unknown,LOGICA,64,generic (2 líneas),VIABLE,Archivo include - header portable
include/rtw_eeprom.h,unknown,LOGICA,73,generic (8 líneas),VIABLE,Archivo include - header portable
include/rtw_eeprom.h,unknown,LOGICA,99,rtl (19 líneas),VIABLE,Archivo include - header portable
include/rtw_efuse.h,unknown,LOGICA,1,generic (4 líneas),VIABLE,Archivo include - header portable
include/rtw_efuse.h,unknown,LOGICA,11,generic (9 líneas),VIABLE,Archivo include - header portable
include/rtw_efuse.h,unknown,LOGICA,48,rtl (25 líneas),VIABLE,Archivo include - header portable
include/rtw_efuse.h,unknown,LOGICA,67,generic (40 líneas),VIABLE,Archivo include - header portable
include/rtw_efuse.h,unknown,LOGICA,104,generic (4 líneas),VIABLE,Archivo include - header portable
include/rtw_efuse.h,unknown,LOGICA,113,generic (2 líneas),VIABLE,Archivo include - header portable
include/rtw_efuse.h,unknown,LOGICA,125,HAL_ (31 líneas),VIABLE,Archivo include - header portable
include/rtw_efuse.h,unknown,LOGICA,168,HAL_ (51 líneas),VIABLE,Archivo include - header portable
include/rtw_efuse.h,unknown,LOGICA,210,HAL_ (5 líneas),VIABLE,Archivo include - header portable
include/rtw_event.h,unknown,LOGICA,1,generic (4 líneas),VIABLE,Archivo include - header portable
include/rtw_event.h,unknown,LOGICA,11,generic (9 líneas),VIABLE,Archivo include - header portable
include/rtw_event.h,unknown,LOGICA,40,generic (4 líneas),VIABLE,Archivo include - header portable
include/rtw_event.h,unknown,LOGICA,69,generic (20 líneas),VIABLE,Archivo include - header portable
include/rtw_event.h,unknown,LOGICA,94,generic (43 líneas),VIABLE,Archivo include - header portable
include/rtw_ht.h,unknown,LOGICA,1,generic (4 líneas),VIABLE,Archivo include - header portable
include/rtw_ht.h,unknown,LOGICA,11,generic (38 líneas),VIABLE,Archivo include - header portable
include/rtw_ht.h,unknown,LOGICA,48,"hw:ps_,compat:ieee80211 (22 líneas)",VIABLE,Archivo include - header portable
include/rtw_ht.h,unknown,LOGICA,61,generic (19 líneas),VIABLE,Archivo include - header portable
include/rtw_ht.h,unknown,LOGICA,90,generic (14 líneas),VIABLE,Archivo include - header portable
include/rtw_ht.h,unknown,LOGICA,146,generic (9 líneas),VIABLE,Archivo include - header portable
include/rtw_ht.h,unknown,LOGICA,159,generic (13 líneas),VIABLE,Archivo include - header portable
include/rtw_ht.h,unknown,LOGICA,217,rtl (3 líneas),VIABLE,Archivo include - header portable
include/rtw_io.h,unknown,LOGICA,1,generic (4 líneas),VIABLE,Archivo include - header portable
include/rtw_io.h,unknown,LOGICA,11,generic (14 líneas),VIABLE,Archivo include - header portable
include/rtw_io.h,unknown,LOGICA,46,generic (4 líneas),VIABLE,Archivo include - header portable
include/rtw_io.h,unknown,LOGICA,81,generic (229 líneas),VIABLE,Archivo include - header portable
include/rtw_io.h,unknown,LOGICA,334,generic (20 líneas),VIABLE,Archivo include - header portable
include/rtw_io.h,unknown,LOGICA,401,rf_ (11 líneas),VIABLE,Archivo include - header portable
include/rtw_io.h,unknown,LOGICA,413,generic (2 líneas),VIABLE,Archivo include - header portable
include/rtw_io.h,unknown,LOGICA,452,generic (2 líneas),VIABLE,Archivo include - header portable
include/rtw_io.h,unknown,LOGICA,461,rf_ (4 líneas),VIABLE,Archivo include - header portable
include/rtw_io.h,unknown,LOGICA,490,generic (2 líneas),VIABLE,Archivo include - header portable
include/rtw_io.h,unknown,LOGICA,502,generic (4 líneas),VIABLE,Archivo include - header portable
include/rtw_io.h,unknown,LOGICA,512,generic (6 líneas),VIABLE,Archivo include - header portable
include/rtw_io.h,unknown,LOGICA,532,generic (2 líneas),VIABLE,Archivo include - header portable
include/rtw_io.h,unknown,LOGICA,540,rtl (1 líneas),VIABLE,Archivo include - header portable
include/rtw_io.h,unknown,LOGICA,560,rtl (29 líneas),VIABLE,Archivo include - header portable
include/rtw_ioctl.h,unknown,LOGICA,1,generic (4 líneas),VIABLE,Archivo include - header portable
include/rtw_ioctl.h,unknown,LOGICA,11,rtl (131 líneas),VIABLE,Archivo include - header portable
include/rtw_ioctl.h,unknown,LOGICA,156,"hw:ps_,compat:WIRELESS_EXT (171 líneas)",VIABLE,Archivo include - header portable
include/rtw_ioctl_query.h,unknown,LOGICA,1,generic (4 líneas),VIABLE,Archivo include - header portable
include/rtw_ioctl_query.h,unknown,LOGICA,11,generic (16 líneas),VIABLE,Archivo include - header portable
include/rtw_ioctl_set.h,unknown,LOGICA,1,generic (4 líneas),VIABLE,Archivo include - header portable
include/rtw_ioctl_set.h,unknown,LOGICA,11,resume (59 líneas),VIABLE,Archivo include - header portable
include/rtw_ioctl_set.h,unknown,LOGICA,73,generic (1 líneas),VIABLE,Archivo include - header portable
include/rtw_iol.h,unknown,LOGICA,1,xmit (268 líneas),VIABLE,Archivo include - header portable
include/rtw_mem.h,unknown,LOGICA,1,recv (83 líneas),VIABLE,Archivo include - header portable
include/rtw_mlme.h,unknown,LOGICA,1,generic (4 líneas),VIABLE,Archivo include - header portable
include/rtw_mlme.h,unknown,LOGICA,11,generic (87 líneas),VIABLE,Archivo include - header portable
include/rtw_mlme.h,unknown,LOGICA,182,"hw:ps_,compat:cfg80211 (286 líneas)",VIABLE,Archivo include - header portable
include/rtw_mlme.h,unknown,LOGICA,452,generic (4 líneas),VIABLE,Archivo include - header portable
include/rtw_mlme.h,unknown,LOGICA,470,generic (5 líneas),VIABLE,Archivo include - header portable
include/rtw_mlme.h,unknown,LOGICA,495,generic (46 líneas),VIABLE,Archivo include - header portable
include/rtw_mlme.h,unknown,LOGICA,536,generic (18 líneas),VIABLE,Archivo include - header portable
include/rtw_mlme.h,unknown,LOGICA,561,generic (11 líneas),VIABLE,Archivo include - header portable
include/rtw_mlme.h,unknown,LOGICA,577,generic (2 líneas),VIABLE,Archivo include - header portable
include/rtw_mlme.h,unknown,LOGICA,588,ps_ (42 líneas),VIABLE,Archivo include - header portable
include/rtw_mlme.h,unknown,LOGICA,628,"hw:ps_,compat:cfg80211 (162 líneas)",VIABLE,Archivo include - header portable
include/rtw_mlme.h,unknown,LOGICA,838,generic (23 líneas),VIABLE,Archivo include - header portable
include/rtw_mlme.h,unknown,LOGICA,869,generic (2 líneas),VIABLE,Archivo include - header portable
include/rtw_mlme.h,unknown,LOGICA,877,generic (7 líneas),VIABLE,Archivo include - header portable
include/rtw_mlme.h,unknown,LOGICA,903,ps_ (27 líneas),VIABLE,Archivo include - header portable
include/rtw_mlme.h,unknown,LOGICA,930,generic (35 líneas),VIABLE,Archivo include - header portable
include/rtw_mlme.h,unknown,LOGICA,959,generic (13 líneas),VIABLE,Archivo include - header portable
include/rtw_mlme.h,unknown,LOGICA,993,xmit (2 líneas),VIABLE,Archivo include - header portable
include/rtw_mlme.h,unknown,LOGICA,1030,generic (6 líneas),VIABLE,Archivo include - header portable
include/rtw_mlme.h,unknown,LOGICA,1045,"hw:recv,compat:NDO_ (51 líneas)",VIABLE,Archivo include - header portable
include/rtw_mlme.h,unknown,LOGICA,1064,generic (2 líneas),VIABLE,Archivo include - header portable
include/rtw_mlme.h,unknown,LOGICA,1081,rtl (3 líneas),VIABLE,Archivo include - header portable
include/rtw_mlme_ext.h,unknown,LOGICA,1,generic (4 líneas),VIABLE,Archivo include - header portable
include/rtw_mlme_ext.h,unknown,LOGICA,11,generic (27 líneas),VIABLE,Archivo include - header portable
include/rtw_mlme_ext.h,unknown,LOGICA,44,bb_ (37 líneas),VIABLE,Archivo include - header portable
include/rtw_mlme_ext.h,unknown,LOGICA,89,ps_ (239 líneas),VIABLE,Archivo include - header portable
include/rtw_mlme_ext.h,unknown,LOGICA,321,generic (2 líneas),VIABLE,Archivo include - header portable
include/rtw_mlme_ext.h,unknown,LOGICA,343,generic (11 líneas),VIABLE,Archivo include - header portable
include/rtw_mlme_ext.h,unknown,LOGICA,398,generic (44 líneas),VIABLE,Archivo include - header portable
include/rtw_mlme_ext.h,unknown,LOGICA,453,ps_ (2 líneas),VIABLE,Archivo include - header portable
include/rtw_mlme_ext.h,unknown,LOGICA,463,"hw:ps_,compat:ieee80211 (67 líneas)",VIABLE,Archivo include - header portable
include/rtw_mlme_ext.h,unknown,LOGICA,523,"hw:rf_,compat:ieee80211 (51 líneas)",VIABLE,Archivo include - header portable
include/rtw_mlme_ext.h,unknown,LOGICA,568,"hw:ps_,compat:ieee80211 (120 líneas)",VIABLE,Archivo include - header portable
include/rtw_mlme_ext.h,unknown,LOGICA,647,generic (14 líneas),VIABLE,Archivo include - header portable
include/rtw_mlme_ext.h,unknown,LOGICA,672,generic (7 líneas),VIABLE,Archivo include - header portable
include/rtw_mlme_ext.h,unknown,LOGICA,687,xmit (60 líneas),VIABLE,Archivo include - header portable
include/rtw_mlme_ext.h,unknown,LOGICA,748,generic (1 líneas),VIABLE,Archivo include - header portable
include/rtw_mlme_ext.h,unknown,LOGICA,756,recv (5 líneas),VIABLE,Archivo include - header portable
include/rtw_mlme_ext.h,unknown,LOGICA,767,generic (7 líneas),VIABLE,Archivo include - header portable
include/rtw_mlme_ext.h,unknown,LOGICA,774,ps_ (48 líneas),VIABLE,Archivo include - header portable
include/rtw_mlme_ext.h,unknown,LOGICA,823,recv (51 líneas),VIABLE,Archivo include - header portable
include/rtw_mlme_ext.h,unknown,LOGICA,868,xmit (20 líneas),VIABLE,Archivo include - header portable
include/rtw_mlme_ext.h,unknown,MIXTO,894,"compat:ieee80211,hw:ps_ (4 líneas)",VIABLE,Archivo include - header portable
include/rtw_mlme_ext.h,unknown,LOGICA,907,recv (9 líneas),VIABLE,Archivo include - header portable
include/rtw_mlme_ext.h,unknown,LOGICA,930,recv (3 líneas),VIABLE,Archivo include - header portable
include/rtw_mlme_ext.h,unknown,LOGICA,944,"hw:xmit,compat:ieee80211 (55 líneas)",VIABLE,Archivo include - header portable
include/rtw_mlme_ext.h,unknown,LOGICA,993,xmit (55 líneas),VIABLE,Archivo include - header portable
include/rtw_mp.h,unknown,LOGICA,1,generic (4 líneas),VIABLE,Archivo include - header portable
include/rtw_mp.h,unknown,LOGICA,11,xmit (13 líneas),VIABLE,Archivo include - header portable
include/rtw_mp.h,unknown,LOGICA,39,xmit (14 líneas),VIABLE,Archivo include - header portable
include/rtw_mp.h,unknown,LOGICA,63,xmit (28 líneas),VIABLE,Archivo include - header portable
include/rtw_mp.h,unknown,LOGICA,106,generic (44 líneas),VIABLE,Archivo include - header portable
include/rtw_mp.h,unknown,LOGICA,162,generic (10 líneas),VIABLE,Archivo include - header portable
include/rtw_mp.h,unknown,LOGICA,181,rtl (194 líneas),VIABLE,Archivo include - header portable
include/rtw_mp.h,unknown,LOGICA,334,generic (1 líneas),VIABLE,Archivo include - header portable
include/rtw_mp.h,unknown,LOGICA,352,generic (18 líneas),VIABLE,Archivo include - header portable
include/rtw_mp.h,unknown,LOGICA,374,generic (18 líneas),VIABLE,Archivo include - header portable
include/rtw_mp.h,unknown,LOGICA,409,xmit (43 líneas),VIABLE,Archivo include - header portable
include/rtw_mp.h,unknown,LOGICA,469,rf_ (15 líneas),VIABLE,Archivo include - header portable
include/rtw_mp.h,unknown,LOGICA,494,generic (8 líneas),VIABLE,Archivo include - header portable
include/rtw_mp.h,unknown,LOGICA,577,generic (3 líneas),VIABLE,Archivo include - header portable
include/rtw_mp.h,unknown,LOGICA,613,generic (24 líneas),VIABLE,Archivo include - header portable
include/rtw_mp.h,unknown,LOGICA,648,dm_ (14 líneas),VIABLE,Archivo include - header portable
include/rtw_mp.h,unknown,LOGICA,688,dm_ (20 líneas),VIABLE,Archivo include - header portable
include/rtw_mp.h,unknown,LOGICA,713,_PHY_ (59 líneas),VIABLE,Archivo include - header portable
include/rtw_mp.h,unknown,LOGICA,778,generic (4 líneas),VIABLE,Archivo include - header portable
include/rtw_mp.h,unknown,LOGICA,786,generic (2 líneas),VIABLE,Archivo include - header portable
include/rtw_mp.h,unknown,LOGICA,801,HAL_ (7 líneas),VIABLE,Archivo include - header portable
include/rtw_mp.h,unknown,LOGICA,815,_PHY_ (31 líneas),VIABLE,Archivo include - header portable
include/rtw_mp.h,unknown,LOGICA,872,rf_ (186 líneas),VIABLE,Archivo include - header portable
include/rtw_mp_phy_regdef.h,unknown,LOGICA,1,generic (4 líneas),VIABLE,Archivo include - header portable
include/rtw_mp_phy_regdef.h,unknown,LOGICA,11,_PHY_ (7 líneas),VIABLE,Archivo include - header portable
include/rtw_mp_phy_regdef.h,unknown,LOGICA,27,_PHY_ (8 líneas),VIABLE,Archivo include - header portable
include/rtw_mp_phy_regdef.h,unknown,LOGICA,46,rf_ (36 líneas),VIABLE,Archivo include - header portable
include/rtw_mp_phy_regdef.h,unknown,LOGICA,92,rf_ (34 líneas),VIABLE,Archivo include - header portable
include/rtw_mp_phy_regdef.h,unknown,LOGICA,127,generic (122 líneas),VIABLE,Archivo include - header portable
include/rtw_mp_phy_regdef.h,unknown,LOGICA,236,generic (4 líneas),VIABLE,Archivo include - header portable
include/rtw_mp_phy_regdef.h,unknown,LOGICA,258,generic (8 líneas),VIABLE,Archivo include - header portable
include/rtw_mp_phy_regdef.h,unknown,LOGICA,275,dm_ (12 líneas),VIABLE,Archivo include - header portable
include/rtw_mp_phy_regdef.h,unknown,LOGICA,294,dm_ (6 líneas),VIABLE,Archivo include - header portable
include/rtw_mp_phy_regdef.h,unknown,LOGICA,305,rtl (166 líneas),VIABLE,Archivo include - header portable
include/rtw_mp_phy_regdef.h,unknown,LOGICA,450,rtl (606 líneas),VIABLE,Archivo include - header portable
include/rtw_mp_phy_regdef.h,unknown,LOGICA,796,generic (4 líneas),VIABLE,Archivo include - header portable
include/rtw_mp_phy_regdef.h,unknown,LOGICA,831,generic (2 líneas),VIABLE,Archivo include - header portable
include/rtw_mp_phy_regdef.h,unknown,LOGICA,841,generic (16 líneas),VIABLE,Archivo include - header portable
include/rtw_mp_phy_regdef.h,unknown,LOGICA,862,generic (12 líneas),VIABLE,Archivo include - header portable
include/rtw_mp_phy_regdef.h,unknown,LOGICA,880,generic (6 líneas),VIABLE,Archivo include - header portable
include/rtw_mp_phy_regdef.h,unknown,LOGICA,895,generic (14 líneas),VIABLE,Archivo include - header portable
include/rtw_mp_phy_regdef.h,unknown,LOGICA,926,generic (4 líneas),VIABLE,Archivo include - header portable
include/rtw_mp_phy_regdef.h,unknown,LOGICA,935,generic (4 líneas),VIABLE,Archivo include - header portable
include/rtw_mp_phy_regdef.h,unknown,LOGICA,952,generic (2 líneas),VIABLE,Archivo include - header portable
include/rtw_mp_phy_regdef.h,unknown,LOGICA,961,generic (4 líneas),VIABLE,Archivo include - header portable
include/rtw_mp_phy_regdef.h,unknown,LOGICA,972,generic (6 líneas),VIABLE,Archivo include - header portable
include/rtw_mp_phy_regdef.h,unknown,LOGICA,984,rtl (18 líneas),VIABLE,Archivo include - header portable
include/rtw_mp_phy_regdef.h,unknown,LOGICA,1009,generic (4 líneas),VIABLE,Archivo include - header portable
include/rtw_mp_phy_regdef.h,unknown,LOGICA,1019,_PHY_ (91 líneas),VIABLE,Archivo include - header portable
include/rtw_odm.h,unknown,LOGICA,1,generic (2 líneas),VIABLE,Archivo include - header portable
include/rtw_odm.h,unknown,LOGICA,11,odm_ (7 líneas),VIABLE,Archivo include - header portable
include/rtw_odm.h,unknown,LOGICA,25,_PHY_ (86 líneas),VIABLE,Archivo include - header portable
include/rtw_p2p.h,unknown,LOGICA,1,generic (4 líneas),VIABLE,Archivo include - header portable
include/rtw_p2p.h,unknown,LOGICA,11,generic (9 líneas),VIABLE,Archivo include - header portable
include/rtw_p2p.h,unknown,LOGICA,60,"hw:ps_,compat:cfg80211 (38 líneas)",VIABLE,Archivo include - header portable
include/rtw_p2p.h,unknown,LOGICA,137,generic (10 líneas),VIABLE,Archivo include - header portable
include/rtw_p2p.h,unknown,LOGICA,160,generic (11 líneas),VIABLE,Archivo include - header portable
include/rtw_pwrctrl.h,unknown,LOGICA,1,generic (2 líneas),VIABLE,Archivo include - header portable
include/rtw_pwrctrl.h,unknown,LOGICA,11,generic (21 líneas),VIABLE,Archivo include - header portable
include/rtw_pwrctrl.h,unknown,LOGICA,42,ps_ (29 líneas),VIABLE,Archivo include - header portable
include/rtw_pwrctrl.h,unknown,LOGICA,64,ps_ (10 líneas),VIABLE,Archivo include - header portable
include/rtw_pwrctrl.h,unknown,LOGICA,87,ps_ (11 líneas),VIABLE,Archivo include - header portable
include/rtw_pwrctrl.h,unknown,LOGICA,132,generic (4 líneas),VIABLE,Archivo include - header portable
include/rtw_pwrctrl.h,unknown,LOGICA,162,ps_ (40 líneas),VIABLE,Archivo include - header portable
include/rtw_pwrctrl.h,unknown,LOGICA,207,ps_ (11 líneas),VIABLE,Archivo include - header portable
include/rtw_pwrctrl.h,unknown,LOGICA,224,suspend (23 líneas),VIABLE,Archivo include - header portable
include/rtw_pwrctrl.h,unknown,LOGICA,249,ps_ (136 líneas),VIABLE,Archivo include - header portable
include/rtw_pwrctrl.h,unknown,LOGICA,332,suspend (42 líneas),VIABLE,Archivo include - header portable
include/rtw_pwrctrl.h,unknown,LOGICA,382,suspend (49 líneas),VIABLE,Archivo include - header portable
include/rtw_pwrctrl.h,unknown,LOGICA,412,ps_ (8 líneas),VIABLE,Archivo include - header portable
include/rtw_pwrctrl.h,unknown,LOGICA,440,suspend (37 líneas),VIABLE,Archivo include - header portable
include/rtw_pwrctrl.h,unknown,LOGICA,486,suspend (14 líneas),VIABLE,Archivo include - header portable
include/rtw_pwrctrl.h,unknown,LOGICA,501,ps_ (18 líneas),VIABLE,Archivo include - header portable
include/rtw_qos.h,unknown,LOGICA,1,generic (4 líneas),VIABLE,Archivo include - header portable
include/rtw_qos.h,unknown,LOGICA,11,ps_ (53 líneas),VIABLE,Archivo include - header portable
include/rtw_recv.h,unknown,LOGICA,1,generic (2 líneas),VIABLE,Archivo include - header portable
include/rtw_recv.h,unknown,LOGICA,11,recv (61 líneas),VIABLE,Archivo include - header portable
include/rtw_recv.h,unknown,LOGICA,58,generic (2 líneas),VIABLE,Archivo include - header portable
include/rtw_recv.h,unknown,LOGICA,75,_PHY_ (165 líneas),VIABLE,Archivo include - header portable
include/rtw_recv.h,unknown,LOGICA,238,recv (119 líneas),VIABLE,Archivo include - header portable
include/rtw_recv.h,unknown,LOGICA,326,recv (12 líneas),VIABLE,Archivo include - header portable
include/rtw_recv.h,unknown,LOGICA,351,recv (12 líneas),VIABLE,Archivo include - header portable
include/rtw_recv.h,unknown,LOGICA,371,recv (33 líneas),VIABLE,Archivo include - header portable
include/rtw_recv.h,unknown,LOGICA,406,recv (102 líneas),VIABLE,Archivo include - header portable
include/rtw_recv.h,unknown,LOGICA,513,generic (21 líneas),VIABLE,Archivo include - header portable
include/rtw_recv.h,unknown,LOGICA,557,recv (13 líneas),VIABLE,Archivo include - header portable
include/rtw_recv.h,unknown,LOGICA,585,recv (4 líneas),VIABLE,Archivo include - header portable
include/rtw_recv.h,unknown,LOGICA,602,recv (34 líneas),VIABLE,Archivo include - header portable
include/rtw_recv.h,unknown,LOGICA,638,_PHY_ (15 líneas),VIABLE,Archivo include - header portable
include/rtw_recv.h,unknown,LOGICA,665,recv (4 líneas),VIABLE,Archivo include - header portable
include/rtw_recv.h,unknown,LOGICA,675,recv (17 líneas),VIABLE,Archivo include - header portable
include/rtw_recv.h,unknown,LOGICA,703,recv (11 líneas),VIABLE,Archivo include - header portable
include/rtw_recv.h,unknown,LOGICA,728,recv (17 líneas),VIABLE,Archivo include - header portable
include/rtw_recv.h,unknown,LOGICA,759,recv (64 líneas),VIABLE,Archivo include - header portable
include/rtw_recv.h,unknown,LOGICA,853,recv (15 líneas),VIABLE,Archivo include - header portable
include/rtw_rf.h,unknown,LOGICA,1,generic (4 líneas),VIABLE,Archivo include - header portable
include/rtw_rf.h,unknown,LOGICA,11,rtl (72 líneas),VIABLE,Archivo include - header portable
include/rtw_rf.h,unknown,LOGICA,86,HAL_ (29 líneas),VIABLE,Archivo include - header portable
include/rtw_rf.h,unknown,LOGICA,130,rf_ (79 líneas),VIABLE,Archivo include - header portable
include/rtw_rf.h,unknown,LOGICA,180,"hw:recv,compat:ieee80211 (123 líneas)",VIABLE,Archivo include - header portable
include/rtw_rf.h,unknown,MIXTO,252,"compat:ieee80211,hw:bb_ (2 líneas)",VIABLE,Archivo include - header portable
include/rtw_rf.h,unknown,LOGICA,262,rtl (22 líneas),VIABLE,Archivo include - header portable
include/rtw_security.h,unknown,LOGICA,1,generic (4 líneas),VIABLE,Archivo include - header portable
include/rtw_security.h,unknown,LOGICA,71,"hw:hal_init,compat:ieee80211 (175 líneas)",VIABLE,Archivo include - header portable
include/rtw_security.h,unknown,LOGICA,284,generic (9 líneas),VIABLE,Archivo include - header portable
include/rtw_security.h,unknown,LOGICA,463,"hw:xmit,compat:ieee80211 (51 líneas)",VIABLE,Archivo include - header portable
include/rtw_sreset.h,unknown,LOGICA,1,generic (4 líneas),VIABLE,Archivo include - header portable
include/rtw_sreset.h,unknown,LOGICA,11,xmit (38 líneas),VIABLE,Archivo include - header portable
include/rtw_sreset.h,unknown,LOGICA,58,generic (1 líneas),VIABLE,Archivo include - header portable
include/rtw_tdls.h,unknown,LOGICA,1,xmit (360 líneas),VIABLE,Archivo include - header portable
include/rtw_version.h,unknown,LOGICA,1,generic (4 líneas),VIABLE,Archivo include - header portable
include/rtw_vht.h,unknown,LOGICA,1,generic (4 líneas),VIABLE,Archivo include - header portable
include/rtw_vht.h,unknown,LOGICA,11,generic (10 líneas),VIABLE,Archivo include - header portable
include/rtw_vht.h,unknown,LOGICA,30,generic (11 líneas),VIABLE,Archivo include - header portable
include/rtw_vht.h,unknown,LOGICA,56,generic (6 líneas),VIABLE,Archivo include - header portable
include/rtw_vht.h,unknown,LOGICA,76,generic (16 líneas),VIABLE,Archivo include - header portable
include/rtw_vht.h,unknown,LOGICA,105,ps_ (72 líneas),VIABLE,Archivo include - header portable
include/rtw_wapi.h,unknown,LOGICA,1,xmit (452 líneas),VIABLE,Archivo include - header portable
include/rtw_xmit.h,unknown,LOGICA,1,generic (2 líneas),VIABLE,Archivo include - header portable
include/rtw_xmit.h,unknown,LOGICA,11,ps_ (112 líneas),VIABLE,Archivo include - header portable
include/rtw_xmit.h,unknown,LOGICA,103,xmit (194 líneas),VIABLE,Archivo include - header portable
include/rtw_xmit.h,unknown,LOGICA,227,generic (3 líneas),VIABLE,Archivo include - header portable
include/rtw_xmit.h,unknown,LOGICA,241,generic (10 líneas),VIABLE,Archivo include - header portable
include/rtw_xmit.h,unknown,LOGICA,259,xmit (47 líneas),VIABLE,Archivo include - header portable
include/rtw_xmit.h,unknown,LOGICA,308,generic (39 líneas),VIABLE,Archivo include - header portable
include/rtw_xmit.h,unknown,LOGICA,361,ps_ (89 líneas),VIABLE,Archivo include - header portable
include/rtw_xmit.h,unknown,LOGICA,427,xmit (2 líneas),VIABLE,Archivo include - header portable
include/rtw_xmit.h,unknown,LOGICA,437,xmit (4 líneas),VIABLE,Archivo include - header portable
include/rtw_xmit.h,unknown,LOGICA,460,generic (2 líneas),VIABLE,Archivo include - header portable
include/rtw_xmit.h,unknown,LOGICA,468,xmit (3 líneas),VIABLE,Archivo include - header portable
include/rtw_xmit.h,unknown,LOGICA,480,xmit (2 líneas),VIABLE,Archivo include - header portable
include/rtw_xmit.h,unknown,LOGICA,490,xmit (15 líneas),VIABLE,Archivo include - header portable
include/rtw_xmit.h,unknown,LOGICA,518,xmit (17 líneas),VIABLE,Archivo include - header portable
include/rtw_xmit.h,unknown,LOGICA,582,xmit (23 líneas),VIABLE,Archivo include - header portable
include/rtw_xmit.h,unknown,LOGICA,610,generic (2 líneas),VIABLE,Archivo include - header portable
include/rtw_xmit.h,unknown,LOGICA,618,generic (2 líneas),VIABLE,Archivo include - header portable
include/rtw_xmit.h,unknown,LOGICA,636,xmit (21 líneas),VIABLE,Archivo include - header portable
include/rtw_xmit.h,unknown,LOGICA,674,generic (2 líneas),VIABLE,Archivo include - header portable
include/rtw_xmit.h,unknown,LOGICA,684,xmit (20 líneas),VIABLE,Archivo include - header portable
include/rtw_xmit.h,unknown,LOGICA,709,xmit (18 líneas),VIABLE,Archivo include - header portable
include/rtw_xmit.h,unknown,LOGICA,742,xmit (86 líneas),VIABLE,Archivo include - header portable
include/rtw_xmit.h,unknown,LOGICA,783,"hw:_PHY_,compat:ieee80211 (13 líneas)",VIABLE,Archivo include - header portable
include/rtw_xmit.h,unknown,LOGICA,819,xmit (12 líneas),VIABLE,Archivo include - header portable
include/rtw_xmit.h,unknown,LOGICA,836,suspend (67 líneas),VIABLE,Archivo include - header portable
include/sdio_hal.h,unknown,LOGICA,1,generic (4 líneas),VIABLE,Archivo include - header portable
include/sdio_hal.h,unknown,LOGICA,11,HAL_ (12 líneas),VIABLE,Archivo include - header portable
include/sdio_hal.h,unknown,LOGICA,48,HAL_ (13 líneas),VIABLE,Archivo include - header portable
include/sdio_ops.h,unknown,LOGICA,1,generic (4 líneas),VIABLE,Archivo include - header portable
include/sdio_ops.h,unknown,LOGICA,11,ps_ (45 líneas),VIABLE,Archivo include - header portable
include/sdio_ops.h,unknown,LOGICA,70,rtl (2 líneas),VIABLE,Archivo include - header portable
include/sdio_ops.h,unknown,LOGICA,84,recv (7 líneas),VIABLE,Archivo include - header portable
include/sdio_ops.h,unknown,LOGICA,96,generic (2 líneas),VIABLE,Archivo include - header portable
include/sdio_ops.h,unknown,LOGICA,108,rtl (2 líneas),VIABLE,Archivo include - header portable
include/sdio_ops.h,unknown,LOGICA,120,rtl (29 líneas),VIABLE,Archivo include - header portable
include/sdio_ops.h,unknown,LOGICA,136,ps_ (49 líneas),VIABLE,Archivo include - header portable
include/sdio_ops_ce.h,unknown,LOGICA,1,generic (4 líneas),VIABLE,Archivo include - header portable
include/sdio_ops_ce.h,unknown,LOGICA,11,ps_ (78 líneas),VIABLE,Archivo include - header portable
include/sdio_ops_linux.h,unknown,LOGICA,1,generic (4 líneas),VIABLE,Archivo include - header portable
include/sdio_ops_linux.h,unknown,LOGICA,11,ps_ (12 líneas),VIABLE,Archivo include - header portable
include/sdio_ops_linux.h,unknown,LOGICA,37,ps_ (22 líneas),VIABLE,Archivo include - header portable
include/sdio_ops_xp.h,unknown,LOGICA,1,generic (4 líneas),VIABLE,Archivo include - header portable
include/sdio_ops_xp.h,unknown,LOGICA,11,ps_ (7 líneas),VIABLE,Archivo include - header portable
include/sdio_ops_xp.h,unknown,LOGICA,32,generic (2 líneas),VIABLE,Archivo include - header portable
include/sdio_ops_xp.h,unknown,LOGICA,40,generic (9 líneas),VIABLE,Archivo include - header portable
include/sdio_osintf.h,unknown,LOGICA,1,generic (4 líneas),VIABLE,Archivo include - header portable
include/sdio_osintf.h,unknown,LOGICA,11,HAL_ (19 líneas),VIABLE,Archivo include - header portable
include/sta_info.h,unknown,LOGICA,1,generic (4 líneas),VIABLE,Archivo include - header portable
include/sta_info.h,unknown,LOGICA,11,generic (79 líneas),VIABLE,Archivo include - header portable
include/sta_info.h,unknown,LOGICA,64,ps_ (74 líneas),VIABLE,Archivo include - header portable
include/sta_info.h,unknown,LOGICA,123,generic (2 líneas),VIABLE,Archivo include - header portable
include/sta_info.h,unknown,LOGICA,162,generic (1 líneas),VIABLE,Archivo include - header portable
include/sta_info.h,unknown,LOGICA,169,recv (2 líneas),VIABLE,Archivo include - header portable
include/sta_info.h,unknown,LOGICA,183,"hw:xmit,compat:ieee80211 (96 líneas)",VIABLE,Archivo include - header portable
include/sta_info.h,unknown,LOGICA,257,recv (20 líneas),VIABLE,Archivo include - header portable
include/sta_info.h,unknown,LOGICA,294,generic (20 líneas),VIABLE,Archivo include - header portable
include/sta_info.h,unknown,LOGICA,314,generic (15 líneas),VIABLE,Archivo include - header portable
include/sta_info.h,unknown,LOGICA,336,generic (2 líneas),VIABLE,Archivo include - header portable
include/sta_info.h,unknown,LOGICA,345,"hw:ps_,compat:cfg80211 (123 líneas)",VIABLE,Archivo include - header portable
include/sta_info.h,unknown,LOGICA,485,generic (11 líneas),VIABLE,Archivo include - header portable
include/sta_info.h,unknown,LOGICA,494,generic (8 líneas),VIABLE,Archivo include - header portable
include/sta_info.h,unknown,LOGICA,510,generic (5 líneas),VIABLE,Archivo include - header portable
include/sta_info.h,unknown,LOGICA,522,generic (10 líneas),VIABLE,Archivo include - header portable
include/sta_info.h,unknown,LOGICA,546,xmit (73 líneas),VIABLE,Archivo include - header portable
include/sta_info.h,unknown,LOGICA,596,generic (30 líneas),VIABLE,Archivo include - header portable
include/usb_hal.h,unknown,LOGICA,1,generic (4 líneas),VIABLE,Archivo include - header portable
include/usb_hal.h,unknown,LOGICA,11,recv (42 líneas),VIABLE,Archivo include - header portable
include/usb_ops.h,unknown,LOGICA,1,generic (4 líneas),VIABLE,Archivo include - header portable
include/usb_ops.h,unknown,LOGICA,11,ps_ (7 líneas),VIABLE,Archivo include - header portable
include/usb_ops.h,unknown,LOGICA,27,ps_ (22 líneas),VIABLE,Archivo include - header portable
include/usb_ops.h,unknown,LOGICA,62,rtl (1 líneas),VIABLE,Archivo include - header portable
include/usb_ops.h,unknown,LOGICA,70,rtl (1 líneas),VIABLE,Archivo include - header portable
include/usb_ops.h,unknown,LOGICA,78,xmit (16 líneas),VIABLE,Archivo include - header portable
include/usb_ops.h,unknown,LOGICA,107,xmit (33 líneas),VIABLE,Archivo include - header portable
include/usb_ops.h,unknown,LOGICA,126,ps_ (21 líneas),VIABLE,Archivo include - header portable
include/usb_ops_linux.h,unknown,LOGICA,1,generic (4 líneas),VIABLE,Archivo include - header portable
include/usb_ops_linux.h,unknown,LOGICA,11,ps_ (26 líneas),VIABLE,Archivo include - header portable
include/usb_ops_linux.h,unknown,LOGICA,49,usb_read (15 líneas),VIABLE,Archivo include - header portable
include/usb_ops_linux.h,unknown,LOGICA,68,usb_read (2 líneas),VIABLE,Archivo include - header portable
include/usb_ops_linux.h,unknown,LOGICA,79,recv (3 líneas),VIABLE,Archivo include - header portable
include/usb_osintf.h,unknown,LOGICA,1,generic (4 líneas),VIABLE,Archivo include - header portable
include/usb_osintf.h,unknown,LOGICA,11,generic (12 líneas),VIABLE,Archivo include - header portable
include/usb_vendor_req.h,unknown,LOGICA,1,generic (4 líneas),VIABLE,Archivo include - header portable
include/usb_vendor_req.h,unknown,LOGICA,11,generic (9 líneas),VIABLE,Archivo include - header portable
include/usb_vendor_req.h,unknown,LOGICA,28,generic (2 líneas),VIABLE,Archivo include - header portable
include/usb_vendor_req.h,unknown,LOGICA,51,generic (11 líneas),VIABLE,Archivo include - header portable
include/wifi.h,unknown,LOGICA,1,generic (4 líneas),VIABLE,Archivo include - header portable
include/wifi.h,unknown,LOGICA,11,generic (16 líneas),VIABLE,Archivo include - header portable
include/wifi.h,unknown,LOGICA,49,generic (1 líneas),VIABLE,Archivo include - header portable
include/wifi.h,unknown,LOGICA,58,generic (13 líneas),VIABLE,Archivo include - header portable
include/wifi.h,unknown,LOGICA,74,generic (72 líneas),VIABLE,Archivo include - header portable
include/wifi.h,unknown,LOGICA,127,generic (2 líneas),VIABLE,Archivo include - header portable
include/wifi.h,unknown,LOGICA,140,generic (2 líneas),VIABLE,Archivo include - header portable
include/wifi.h,unknown,LOGICA,211,generic (2 líneas),VIABLE,Archivo include - header portable
include/wifi.h,unknown,LOGICA,273,generic (8 líneas),VIABLE,Archivo include - header portable
include/wifi.h,unknown,LOGICA,300,generic (34 líneas),VIABLE,Archivo include - header portable
include/wifi.h,unknown,LOGICA,386,ps_ (70 líneas),VIABLE,Archivo include - header portable
include/wifi.h,unknown,LOGICA,455,rtl (98 líneas),VIABLE,Archivo include - header portable
include/wifi.h,unknown,LOGICA,541,generic (18 líneas),VIABLE,Archivo include - header portable
include/wifi.h,unknown,LOGICA,557,generic (6 líneas),VIABLE,Archivo include - header portable
include/wifi.h,unknown,LOGICA,611,generic (2 líneas),VIABLE,Archivo include - header portable
include/wifi.h,unknown,LOGICA,621,generic (77 líneas),VIABLE,Archivo include - header portable
include/wifi.h,unknown,MIXTO,768,"compat:ieee80211,hw:rtl (2 líneas)",VIABLE,Archivo include - header portable
include/wifi.h,unknown,LOGICA,777,"hw:rtl,compat:ieee80211 (28 líneas)",VIABLE,Archivo include - header portable
include/wifi.h,unknown,LOGICA,810,"hw:ps_,compat:ieee80211 (87 líneas)",VIABLE,Archivo include - header portable
include/wifi.h,unknown,LOGICA,906,generic (37 líneas),VIABLE,Archivo include - header portable
include/wifi.h,unknown,LOGICA,1040,generic (2 líneas),VIABLE,Archivo include - header portable
include/wifi.h,unknown,LOGICA,1055,ps_ (8 líneas),VIABLE,Archivo include - header portable
include/wifi.h,unknown,LOGICA,1081,ps_ (12 líneas),VIABLE,Archivo include - header portable
include/wifi.h,unknown,LOGICA,1118,ps_ (6 líneas),VIABLE,Archivo include - header portable
include/wifi.h,unknown,LOGICA,1135,ps_ (10 líneas),VIABLE,Archivo include - header portable
include/wifi.h,unknown,LOGICA,1160,generic (2 líneas),VIABLE,Archivo include - header portable
include/wifi.h,unknown,LOGICA,1171,generic (2 líneas),VIABLE,Archivo include - header portable
include/wifi.h,unknown,LOGICA,1185,generic (10 líneas),VIABLE,Archivo include - header portable
include/wifi.h,unknown,LOGICA,1203,generic (2 líneas),VIABLE,Archivo include - header portable
include/wifi.h,unknown,LOGICA,1212,generic (4 líneas),VIABLE,Archivo include - header portable
include/wifi.h,unknown,LOGICA,1226,generic (2 líneas),VIABLE,Archivo include - header portable
include/wifi.h,unknown,LOGICA,1239,ps_ (24 líneas),VIABLE,Archivo include - header portable
include/wifi.h,unknown,LOGICA,1275,recv (46 líneas),VIABLE,Archivo include - header portable
include/wifi.h,unknown,LOGICA,1313,ps_ (23 líneas),VIABLE,Archivo include - header portable
include/wifi.h,unknown,LOGICA,1403,generic (3 líneas),VIABLE,Archivo include - header portable
include/wlan_bssdef.h,unknown,LOGICA,1,generic (4 líneas),VIABLE,Archivo include - header portable
include/wlan_bssdef.h,unknown,LOGICA,11,generic (7 líneas),VIABLE,Archivo include - header portable
include/wlan_bssdef.h,unknown,LOGICA,30,generic (303 líneas),VIABLE,Archivo include - header portable
include/wlan_bssdef.h,unknown,LOGICA,303,"hw:_PHY_,compat:ieee80211 (462 líneas)",VIABLE,Archivo include - header portable
include/wlan_bssdef.h,unknown,LOGICA,694,generic (51 líneas),VIABLE,Archivo include - header portable
include/xmit_osdep.h,unknown,LOGICA,1,generic (4 líneas),VIABLE,Archivo include - header portable
include/xmit_osdep.h,unknown,LOGICA,11,xmit (9 líneas),VIABLE,Archivo include - header portable
include/xmit_osdep.h,unknown,LOGICA,41,xmit (16 líneas),VIABLE,Archivo include - header portable
include/xmit_osdep.h,unknown,LOGICA,73,xmit (7 líneas),VIABLE,Archivo include - header portable
include/xmit_osdep.h,unknown,LOGICA,86,xmit (9 líneas),VIABLE,Archivo include - header portable
